-- phpMyAdmin SQL Dump
-- version 4.6.5.2
-- https://www.phpmyadmin.net/
--
-- Host: 127.0.0.1
-- Generation Time: 14 Agu 2020 pada 08.41
-- Versi Server: 10.1.21-MariaDB
-- PHP Version: 5.6.30

SET SQL_MODE = "NO_AUTO_VALUE_ON_ZERO";
SET time_zone = "+00:00";


/*!40101 SET @OLD_CHARACTER_SET_CLIENT=@@CHARACTER_SET_CLIENT */;
/*!40101 SET @OLD_CHARACTER_SET_RESULTS=@@CHARACTER_SET_RESULTS */;
/*!40101 SET @OLD_COLLATION_CONNECTION=@@COLLATION_CONNECTION */;
/*!40101 SET NAMES utf8mb4 */;

--
-- Database: `db_siks_tkplus`
--

-- --------------------------------------------------------

--
-- Struktur dari tabel `groups`
--

CREATE TABLE `groups` (
  `id` mediumint(8) UNSIGNED NOT NULL,
  `name` varchar(20) NOT NULL,
  `description` varchar(100) NOT NULL
) ENGINE=InnoDB DEFAULT CHARSET=utf8;

--
-- Dumping data untuk tabel `groups`
--

INSERT INTO `groups` (`id`, `name`, `description`) VALUES
(1, 'admin', 'Administrator'),
(2, 'members', 'General User');

-- --------------------------------------------------------

--
-- Struktur dari tabel `login_attempts`
--

CREATE TABLE `login_attempts` (
  `id` int(11) UNSIGNED NOT NULL,
  `ip_address` varchar(45) NOT NULL,
  `login` varchar(100) NOT NULL,
  `time` int(11) UNSIGNED DEFAULT NULL
) ENGINE=InnoDB DEFAULT CHARSET=utf8;

-- --------------------------------------------------------

--
-- Struktur dari tabel `t000_sekolah`
--

CREATE TABLE `t000_sekolah` (
  `id` int(11) NOT NULL,
  `kode` varchar(2) NOT NULL,
  `nama` varchar(50) NOT NULL
) ENGINE=InnoDB DEFAULT CHARSET=latin1;

--
-- Dumping data untuk tabel `t000_sekolah`
--

INSERT INTO `t000_sekolah` (`id`, `kode`, `nama`) VALUES
(1, '04', 'TKPLUSNU BOJONEGORO');

-- --------------------------------------------------------

--
-- Struktur dari tabel `t001_tahunajaran`
--

CREATE TABLE `t001_tahunajaran` (
  `idtahunajaran` int(5) NOT NULL,
  `tahunajaran` varchar(40) NOT NULL,
  `saldoawal` float(14,2) NOT NULL
) ENGINE=InnoDB DEFAULT CHARSET=latin1;

--
-- Dumping data untuk tabel `t001_tahunajaran`
--

INSERT INTO `t001_tahunajaran` (`idtahunajaran`, `tahunajaran`, `saldoawal`) VALUES
(1, '2020/2021', 0.00);

-- --------------------------------------------------------

--
-- Struktur dari tabel `t002_guru`
--

CREATE TABLE `t002_guru` (
  `idguru` int(5) NOT NULL,
  `namaguru` varchar(40) NOT NULL
) ENGINE=InnoDB DEFAULT CHARSET=latin1 ROW_FORMAT=COMPACT;

--
-- Dumping data untuk tabel `t002_guru`
--

INSERT INTO `t002_guru` (`idguru`, `namaguru`) VALUES
(1, 'Sutiyoso'),
(2, 'Djarot Saiful Hidayat'),
(3, 'Fauzi Bowo'),
(5, 'Soerjadi Soedirdja'),
(6, 'Wiyogo Atmodarminto'),
(7, 'Soeprapto'),
(8, 'Nono Taryono');

-- --------------------------------------------------------

--
-- Struktur dari tabel `t003_kelas`
--

CREATE TABLE `t003_kelas` (
  `idkelas` int(11) NOT NULL,
  `kelas` varchar(25) NOT NULL,
  `idguru` int(5) NOT NULL
) ENGINE=InnoDB DEFAULT CHARSET=latin1 ROW_FORMAT=COMPACT;

--
-- Dumping data untuk tabel `t003_kelas`
--

INSERT INTO `t003_kelas` (`idkelas`, `kelas`, `idguru`) VALUES
(1, 'TK A', 1),
(2, 'TK B', 2);

-- --------------------------------------------------------

--
-- Struktur dari tabel `t004_siswa`
--

CREATE TABLE `t004_siswa` (
  `idsiswa` int(10) NOT NULL,
  `nis` varchar(10) NOT NULL,
  `namasiswa` varchar(40) NOT NULL,
  `idkelas` int(11) NOT NULL,
  `tahunajaran` varchar(10) NOT NULL,
  `byrspp` int(20) NOT NULL,
  `byrcatering` int(20) NOT NULL,
  `byrworksheet` int(20) NOT NULL
) ENGINE=InnoDB DEFAULT CHARSET=latin1 ROW_FORMAT=COMPACT;

--
-- Dumping data untuk tabel `t004_siswa`
--

INSERT INTO `t004_siswa` (`idsiswa`, `nis`, `namasiswa`, `idkelas`, `tahunajaran`, `byrspp`, `byrcatering`, `byrworksheet`) VALUES
(1, '04200441', 'FARZHANA SEIKA IMOZA SISWANTO', 1, '2020/2021', 250000, 0, 0),
(2, '04200442', 'AHMAD RAFA HAQIQI', 1, '2020/2021', 250000, 0, 0),
(3, '04200443', 'ABIDZAR SATYA NOUVAL PRAWIRA', 1, '2020/2021', 250000, 0, 0),
(4, '04200444', 'M. HUSEN ADITIO', 1, '2020/2021', 250000, 0, 0),
(5, '04200445', 'AGAM ABDILLAH ADIYATAMA', 1, '2020/2021', 250000, 0, 0),
(6, '04200446', 'GAVIN REVINZA ZHAFRAN', 1, '2020/2021', 250000, 0, 0),
(7, '04200447', 'AMIRA NOURA SYAHRZAD', 1, '2020/2021', 250000, 0, 0),
(8, '04200448', 'M. CAHYO SURYANEGARA', 1, '2020/2021', 250000, 0, 0),
(9, '04200449', 'EARLYTA ARSYAFA ALIFIA', 1, '2020/2021', 250000, 0, 0),
(10, '04200450', 'AHMAD ARFAN NUR WAFI LATIF', 1, '2020/2021', 250000, 0, 0),
(11, '04200451', 'HAIDAR ADHIYASTA PUTRA HAFINA', 1, '2020/2021', 250000, 0, 0),
(12, '04200452', 'ELGHISAN REIFANSYAH', 1, '2020/2021', 250000, 0, 0),
(13, '04200453', 'NAFI ISBAT NUR MUHAMMAD', 1, '2020/2021', 250000, 0, 0),
(14, '04200454', 'MUHAMMAD ADRIAN AQILA PRANAJA', 1, '2020/2021', 250000, 0, 0),
(15, '04200455', 'M. AKSEL YUAN ARBAS ALFIAN', 1, '2020/2021', 250000, 0, 0),
(16, '04200456', 'KAMILA SHADIQA', 1, '2020/2021', 250000, 0, 0),
(17, '04200457', 'GAVIOTA ALKHALIFI', 1, '2020/2021', 250000, 0, 0),
(18, '04200458', 'SITI ZAYYANAH MA\'RUFAH', 1, '2020/2021', 250000, 0, 0),
(19, '04200459', 'MUHAMMAD RAFA AZKA PUTRA', 1, '2020/2021', 250000, 0, 0),
(20, '04200460', 'AZALEA NURLAYLA RAMLAN', 1, '2020/2021', 250000, 0, 0),
(21, '04200461', 'KAYLA PUTRI AZ ZAHRA', 1, '2020/2021', 250000, 0, 0),
(22, '04200462', 'CHAIRUNNISA SALSABILA PUTRI', 1, '2020/2021', 250000, 0, 0),
(23, '04200463', 'SYAUQI HASYIM ASHAR', 1, '2020/2021', 250000, 0, 0),
(24, '04200464', 'DIANDRA NAURA SALSABILA', 1, '2020/2021', 250000, 0, 0),
(25, '04200466', 'NAJWA KASYARA RIDWAN', 2, '2020/2021', 250000, 0, 0),
(26, '04200467', 'DEMAS JAUHARI ABRIZAN', 1, '2020/2021', 250000, 0, 0),
(27, '04190360', 'SITI KHOYIROTUS SALSABILA', 2, '2020/2021', 225000, 0, 0),
(28, '04190362', 'ZAHWA PUTRI AFIFAH', 2, '2020/2021', 225000, 0, 0),
(29, '04190370', 'NAJWA KHOIRUNNISA', 2, '2020/2021', 225000, 0, 0),
(30, '04190394', 'SABRINA FATIMAH AZZAHRA', 2, '2020/2021', 225000, 0, 0),
(31, '04190395', 'LINTANG ARMILEA PERMATAJORA', 2, '2020/2021', 225000, 0, 0),
(32, '04190401', 'ANNAJMI RIHADATUL AISYA', 2, '2020/2021', 225000, 0, 0),
(33, '04190414', 'MUHAMMAD  RAFA AZKA PUTRA', 2, '2020/2021', 225000, 0, 0),
(34, '04190413', 'MUHAMMAD ABIDZAR SETIA AL-FATIH', 2, '2020/2021', 225000, 0, 0),
(35, '04190398', 'MUHAMMAD ABBAS ARIFUDDIN', 2, '2020/2021', 225000, 0, 0),
(36, '04190420', 'NABIL ULUM ANNAFIS', 2, '2020/2021', 225000, 0, 0),
(37, '04190426', 'HILYA HUNAINA MAZAY AFROYIM', 2, '2020/2021', 150000, 0, 0),
(38, '04190423', 'AHMAD REYHAN ZIAUL HAQ', 2, '2020/2021', 225000, 0, 0),
(39, '04190403', 'MADINA AURA QUR\'ANI', 2, '2020/2021', 225000, 0, 0),
(40, '04190402', 'ASYAM TYAQIB VAWWAS MOHAMMAD', 2, '2020/2021', 225000, 0, 0),
(41, '04190429', 'LUTHFIYAH SALWA MUANNA', 2, '2020/2021', 225000, 0, 0),
(42, '04190421', 'MUHAMMAD HANFAN ADHLY RAMADHAN', 2, '2020/2021', 225000, 0, 0),
(43, '04190411', 'MUHAMMAD FATHAN ALFARIZQI', 2, '2020/2021', 225000, 0, 0),
(44, '04190399', 'KEYSHA SABRINA REYHANA', 2, '2020/2021', 225000, 0, 0),
(45, '04190400', 'MUH.FATIH HAFIDUDDIN ANSHORI', 2, '2020/2021', 225000, 0, 0),
(46, '04190404', 'JIL NAZILA JANNATU SYAUQI MUJIB', 2, '2020/2021', 225000, 0, 0),
(47, '04190405', 'HANI ZALFA ZAHIRA', 2, '2020/2021', 0, 0, 0),
(48, '04190406', 'MUHAMMAD ZIDAN KHARIS MAULANA', 2, '2020/2021', 225000, 0, 0),
(49, '04190407', 'HASNA ATHIFA RAMADHANI', 2, '2020/2021', 225000, 0, 0),
(50, '04190409', 'IZCHO AL- SAQIRI WIBAWA', 2, '2020/2021', 225000, 0, 0),
(51, '04190410', 'SHAFIA PUTRI NUR AINI', 2, '2020/2021', 225000, 0, 0),
(52, '04190412', 'PUTRI AQILAFADHILLAH', 2, '2020/2021', 225000, 0, 0),
(53, '04190415', 'AUFA SHERIL FITRI', 2, '2020/2021', 225000, 0, 0),
(54, '04190416', 'HANIFA NUR AISYAH', 2, '2020/2021', 225000, 0, 0),
(55, '04190417', 'AZKA ZAKY', 2, '2020/2021', 225000, 0, 0),
(56, '04190418', 'MUHAMMAD ZAKI PRATAMA', 2, '2020/2021', 225000, 0, 0),
(57, '04190422', 'NAMIRA NIVILIA AQILATUNNISA', 2, '2020/2021', 225000, 0, 0),
(58, '04190424', 'YASMIN ARINDI NUR QAUTSA', 2, '2020/2021', 225000, 0, 0),
(59, '04190425', 'ADEEVA AFSHEN AL MYESHA', 2, '2020/2021', 225000, 0, 0),
(60, '04190427', 'LATIFAH RURIN EXCELXA', 2, '2020/2021', 225000, 0, 0),
(61, '04190434', 'M ALARIC SETIANA', 2, '2020/2021', 0, 0, 0),
(62, '04190428', 'KARIN MIKAYLA', 2, '2020/2021', 225000, 0, 0),
(63, '04190430', 'MUHAMMAD HAIYUL HAQQI', 2, '2020/2021', 225000, 0, 0),
(64, '04190431', 'SHIELLA ANNISAUL HIDAYAH', 2, '2020/2021', 225000, 0, 0),
(65, '04190433', 'MARITZA ADHIKARI HAIDAR AL AKBAR', 2, '2020/2021', 225000, 0, 0),
(66, '04190435', 'KHAIRINA HAMAMI', 2, '2020/2021', 225000, 0, 0),
(67, '04190436', 'AHMAD SYIFA ALISYAHBANA', 2, '2020/2021', 225000, 0, 0),
(68, '04190439', 'BILQIS REGANDA PISCESYA WIBOWO', 2, '2020/2021', 225000, 0, 0),
(69, '04190440', 'AISYAH NURUL ALFIYAH', 2, '2020/2021', 225000, 0, 0);

-- --------------------------------------------------------

--
-- Struktur dari tabel `t005_nonrutin`
--

CREATE TABLE `t005_nonrutin` (
  `id` int(11) NOT NULL,
  `Jenis` varchar(50) NOT NULL
) ENGINE=InnoDB DEFAULT CHARSET=latin1;

--
-- Dumping data untuk tabel `t005_nonrutin`
--

INSERT INTO `t005_nonrutin` (`id`, `Jenis`) VALUES
(1, 'Dana Pengembangan Pendidikan'),
(2, 'Daftar Ulang');

-- --------------------------------------------------------

--
-- Struktur dari tabel `t101_spp`
--

CREATE TABLE `t101_spp` (
  `idspp` int(10) NOT NULL,
  `idsiswa` int(10) NOT NULL,
  `jatuhtempo` date NOT NULL,
  `bulan` varchar(20) NOT NULL,
  `nobayar` varchar(10) NOT NULL,
  `tglbayar` date NOT NULL,
  `byrspp` int(20) NOT NULL,
  `byrcatering` int(20) NOT NULL,
  `byrworksheet` int(20) NOT NULL,
  `ket` varchar(20) NOT NULL,
  `idadmin` int(5) NOT NULL
) ENGINE=InnoDB DEFAULT CHARSET=latin1 ROW_FORMAT=COMPACT;

--
-- Dumping data untuk tabel `t101_spp`
--

INSERT INTO `t101_spp` (`idspp`, `idsiswa`, `jatuhtempo`, `bulan`, `nobayar`, `tglbayar`, `byrspp`, `byrcatering`, `byrworksheet`, `ket`, `idadmin`) VALUES
(1, 1, '2020-07-01', 'Juli 2020', '2008120003', '2020-08-12', 250000, 0, 0, 'LUNAS', 1),
(2, 1, '2020-08-01', 'Agustus 2020', '', '0000-00-00', 250000, 0, 0, '', 0),
(3, 1, '2020-09-01', 'September 2020', '', '0000-00-00', 250000, 0, 0, '', 0),
(4, 1, '2020-10-01', 'Oktober 2020', '', '0000-00-00', 250000, 0, 0, '', 0),
(5, 1, '2020-11-01', 'Nopember 2020', '', '0000-00-00', 250000, 0, 0, '', 0),
(6, 1, '2020-12-01', 'Desember 2020', '', '0000-00-00', 250000, 0, 0, '', 0),
(7, 1, '2021-01-01', 'Januari 2021', '', '0000-00-00', 250000, 0, 0, '', 0),
(8, 1, '2021-02-01', 'Februari 2021', '', '0000-00-00', 250000, 0, 0, '', 0),
(9, 1, '2021-03-01', 'Maret 2021', '', '0000-00-00', 250000, 0, 0, '', 0),
(10, 1, '2021-04-01', 'April 2021', '', '0000-00-00', 250000, 0, 0, '', 0),
(11, 1, '2021-05-01', 'Mei 2021', '', '0000-00-00', 250000, 0, 0, '', 0),
(12, 1, '2021-06-01', 'Juni 2021', '', '0000-00-00', 250000, 0, 0, '', 0),
(13, 2, '2020-07-01', 'Juli 2020', '2008120004', '2020-08-12', 250000, 0, 0, 'LUNAS', 1),
(14, 2, '2020-08-01', 'Agustus 2020', '', '0000-00-00', 250000, 0, 0, '', 0),
(15, 2, '2020-09-01', 'September 2020', '', '0000-00-00', 250000, 0, 0, '', 0),
(16, 2, '2020-10-01', 'Oktober 2020', '', '0000-00-00', 250000, 0, 0, '', 0),
(17, 2, '2020-11-01', 'Nopember 2020', '', '0000-00-00', 250000, 0, 0, '', 0),
(18, 2, '2020-12-01', 'Desember 2020', '', '0000-00-00', 250000, 0, 0, '', 0),
(19, 2, '2021-01-01', 'Januari 2021', '', '0000-00-00', 250000, 0, 0, '', 0),
(20, 2, '2021-02-01', 'Februari 2021', '', '0000-00-00', 250000, 0, 0, '', 0),
(21, 2, '2021-03-01', 'Maret 2021', '', '0000-00-00', 250000, 0, 0, '', 0),
(22, 2, '2021-04-01', 'April 2021', '', '0000-00-00', 250000, 0, 0, '', 0),
(23, 2, '2021-05-01', 'Mei 2021', '', '0000-00-00', 250000, 0, 0, '', 0),
(24, 2, '2021-06-01', 'Juni 2021', '', '0000-00-00', 250000, 0, 0, '', 0),
(25, 3, '2020-07-01', 'Juli 2020', '2008120005', '2020-08-12', 250000, 0, 0, 'LUNAS', 1),
(26, 3, '2020-08-01', 'Agustus 2020', '', '0000-00-00', 250000, 0, 0, '', 0),
(27, 3, '2020-09-01', 'September 2020', '', '0000-00-00', 250000, 0, 0, '', 0),
(28, 3, '2020-10-01', 'Oktober 2020', '', '0000-00-00', 250000, 0, 0, '', 0),
(29, 3, '2020-11-01', 'Nopember 2020', '', '0000-00-00', 250000, 0, 0, '', 0),
(30, 3, '2020-12-01', 'Desember 2020', '', '0000-00-00', 250000, 0, 0, '', 0),
(31, 3, '2021-01-01', 'Januari 2021', '', '0000-00-00', 250000, 0, 0, '', 0),
(32, 3, '2021-02-01', 'Februari 2021', '', '0000-00-00', 250000, 0, 0, '', 0),
(33, 3, '2021-03-01', 'Maret 2021', '', '0000-00-00', 250000, 0, 0, '', 0),
(34, 3, '2021-04-01', 'April 2021', '', '0000-00-00', 250000, 0, 0, '', 0),
(35, 3, '2021-05-01', 'Mei 2021', '', '0000-00-00', 250000, 0, 0, '', 0),
(36, 3, '2021-06-01', 'Juni 2021', '', '0000-00-00', 250000, 0, 0, '', 0),
(37, 4, '2020-07-01', 'Juli 2020', '2008120006', '2020-08-12', 250000, 0, 0, 'LUNAS', 1),
(38, 4, '2020-08-01', 'Agustus 2020', '2008120042', '2020-08-12', 250000, 0, 0, 'LUNAS', 1),
(39, 4, '2020-09-01', 'September 2020', '', '0000-00-00', 250000, 0, 0, '', 0),
(40, 4, '2020-10-01', 'Oktober 2020', '', '0000-00-00', 250000, 0, 0, '', 0),
(41, 4, '2020-11-01', 'Nopember 2020', '', '0000-00-00', 250000, 0, 0, '', 0),
(42, 4, '2020-12-01', 'Desember 2020', '', '0000-00-00', 250000, 0, 0, '', 0),
(43, 4, '2021-01-01', 'Januari 2021', '', '0000-00-00', 250000, 0, 0, '', 0),
(44, 4, '2021-02-01', 'Februari 2021', '', '0000-00-00', 250000, 0, 0, '', 0),
(45, 4, '2021-03-01', 'Maret 2021', '', '0000-00-00', 250000, 0, 0, '', 0),
(46, 4, '2021-04-01', 'April 2021', '', '0000-00-00', 250000, 0, 0, '', 0),
(47, 4, '2021-05-01', 'Mei 2021', '', '0000-00-00', 250000, 0, 0, '', 0),
(48, 4, '2021-06-01', 'Juni 2021', '', '0000-00-00', 250000, 0, 0, '', 0),
(49, 5, '2020-07-01', 'Juli 2020', '', '0000-00-00', 250000, 0, 0, '', 0),
(50, 5, '2020-08-01', 'Agustus 2020', '2008120053', '2020-08-12', 250000, 0, 0, 'LUNAS', 1),
(51, 5, '2020-09-01', 'September 2020', '', '0000-00-00', 250000, 0, 0, '', 0),
(52, 5, '2020-10-01', 'Oktober 2020', '', '0000-00-00', 250000, 0, 0, '', 0),
(53, 5, '2020-11-01', 'Nopember 2020', '', '0000-00-00', 250000, 0, 0, '', 0),
(54, 5, '2020-12-01', 'Desember 2020', '', '0000-00-00', 250000, 0, 0, '', 0),
(55, 5, '2021-01-01', 'Januari 2021', '', '0000-00-00', 250000, 0, 0, '', 0),
(56, 5, '2021-02-01', 'Februari 2021', '', '0000-00-00', 250000, 0, 0, '', 0),
(57, 5, '2021-03-01', 'Maret 2021', '', '0000-00-00', 250000, 0, 0, '', 0),
(58, 5, '2021-04-01', 'April 2021', '', '0000-00-00', 250000, 0, 0, '', 0),
(59, 5, '2021-05-01', 'Mei 2021', '', '0000-00-00', 250000, 0, 0, '', 0),
(60, 5, '2021-06-01', 'Juni 2021', '', '0000-00-00', 250000, 0, 0, '', 0),
(61, 6, '2020-07-01', 'Juli 2020', '2008120007', '2020-08-12', 250000, 0, 0, 'LUNAS', 1),
(62, 6, '2020-08-01', 'Agustus 2020', '2008120059', '2020-08-12', 250000, 0, 0, 'LUNAS', 1),
(63, 6, '2020-09-01', 'September 2020', '', '0000-00-00', 250000, 0, 0, '', 0),
(64, 6, '2020-10-01', 'Oktober 2020', '', '0000-00-00', 250000, 0, 0, '', 0),
(65, 6, '2020-11-01', 'Nopember 2020', '', '0000-00-00', 250000, 0, 0, '', 0),
(66, 6, '2020-12-01', 'Desember 2020', '', '0000-00-00', 250000, 0, 0, '', 0),
(67, 6, '2021-01-01', 'Januari 2021', '', '0000-00-00', 250000, 0, 0, '', 0),
(68, 6, '2021-02-01', 'Februari 2021', '', '0000-00-00', 250000, 0, 0, '', 0),
(69, 6, '2021-03-01', 'Maret 2021', '', '0000-00-00', 250000, 0, 0, '', 0),
(70, 6, '2021-04-01', 'April 2021', '', '0000-00-00', 250000, 0, 0, '', 0),
(71, 6, '2021-05-01', 'Mei 2021', '', '0000-00-00', 250000, 0, 0, '', 0),
(72, 6, '2021-06-01', 'Juni 2021', '', '0000-00-00', 250000, 0, 0, '', 0),
(73, 7, '2020-07-01', 'Juli 2020', '2008120008', '2020-08-12', 250000, 0, 0, 'LUNAS', 1),
(74, 7, '2020-08-01', 'Agustus 2020', '', '0000-00-00', 250000, 0, 0, '', 0),
(75, 7, '2020-09-01', 'September 2020', '', '0000-00-00', 250000, 0, 0, '', 0),
(76, 7, '2020-10-01', 'Oktober 2020', '', '0000-00-00', 250000, 0, 0, '', 0),
(77, 7, '2020-11-01', 'Nopember 2020', '', '0000-00-00', 250000, 0, 0, '', 0),
(78, 7, '2020-12-01', 'Desember 2020', '', '0000-00-00', 250000, 0, 0, '', 0),
(79, 7, '2021-01-01', 'Januari 2021', '', '0000-00-00', 250000, 0, 0, '', 0),
(80, 7, '2021-02-01', 'Februari 2021', '', '0000-00-00', 250000, 0, 0, '', 0),
(81, 7, '2021-03-01', 'Maret 2021', '', '0000-00-00', 250000, 0, 0, '', 0),
(82, 7, '2021-04-01', 'April 2021', '', '0000-00-00', 250000, 0, 0, '', 0),
(83, 7, '2021-05-01', 'Mei 2021', '', '0000-00-00', 250000, 0, 0, '', 0),
(84, 7, '2021-06-01', 'Juni 2021', '', '0000-00-00', 250000, 0, 0, '', 0),
(85, 8, '2020-07-01', 'Juli 2020', '2008120009', '2020-08-12', 250000, 0, 0, 'LUNAS', 1),
(86, 8, '2020-08-01', 'Agustus 2020', '', '0000-00-00', 250000, 0, 0, '', 0),
(87, 8, '2020-09-01', 'September 2020', '', '0000-00-00', 250000, 0, 0, '', 0),
(88, 8, '2020-10-01', 'Oktober 2020', '', '0000-00-00', 250000, 0, 0, '', 0),
(89, 8, '2020-11-01', 'Nopember 2020', '', '0000-00-00', 250000, 0, 0, '', 0),
(90, 8, '2020-12-01', 'Desember 2020', '', '0000-00-00', 250000, 0, 0, '', 0),
(91, 8, '2021-01-01', 'Januari 2021', '', '0000-00-00', 250000, 0, 0, '', 0),
(92, 8, '2021-02-01', 'Februari 2021', '', '0000-00-00', 250000, 0, 0, '', 0),
(93, 8, '2021-03-01', 'Maret 2021', '', '0000-00-00', 250000, 0, 0, '', 0),
(94, 8, '2021-04-01', 'April 2021', '', '0000-00-00', 250000, 0, 0, '', 0),
(95, 8, '2021-05-01', 'Mei 2021', '', '0000-00-00', 250000, 0, 0, '', 0),
(96, 8, '2021-06-01', 'Juni 2021', '', '0000-00-00', 250000, 0, 0, '', 0),
(97, 9, '2020-07-01', 'Juli 2020', '2008120010', '2020-08-12', 250000, 0, 0, 'LUNAS', 1),
(98, 9, '2020-08-01', 'Agustus 2020', '2008120064', '2020-08-12', 250000, 0, 0, 'LUNAS', 1),
(99, 9, '2020-09-01', 'September 2020', '', '0000-00-00', 250000, 0, 0, '', 0),
(100, 9, '2020-10-01', 'Oktober 2020', '', '0000-00-00', 250000, 0, 0, '', 0),
(101, 9, '2020-11-01', 'Nopember 2020', '', '0000-00-00', 250000, 0, 0, '', 0),
(102, 9, '2020-12-01', 'Desember 2020', '', '0000-00-00', 250000, 0, 0, '', 0),
(103, 9, '2021-01-01', 'Januari 2021', '', '0000-00-00', 250000, 0, 0, '', 0),
(104, 9, '2021-02-01', 'Februari 2021', '', '0000-00-00', 250000, 0, 0, '', 0),
(105, 9, '2021-03-01', 'Maret 2021', '', '0000-00-00', 250000, 0, 0, '', 0),
(106, 9, '2021-04-01', 'April 2021', '', '0000-00-00', 250000, 0, 0, '', 0),
(107, 9, '2021-05-01', 'Mei 2021', '', '0000-00-00', 250000, 0, 0, '', 0),
(108, 9, '2021-06-01', 'Juni 2021', '', '0000-00-00', 250000, 0, 0, '', 0),
(109, 10, '2020-07-01', 'Juli 2020', '2008120011', '2020-08-12', 250000, 0, 0, 'LUNAS', 1),
(110, 10, '2020-08-01', 'Agustus 2020', '2008120051', '2020-08-12', 250000, 0, 0, 'LUNAS', 1),
(111, 10, '2020-09-01', 'September 2020', '', '0000-00-00', 250000, 0, 0, '', 0),
(112, 10, '2020-10-01', 'Oktober 2020', '', '0000-00-00', 250000, 0, 0, '', 0),
(113, 10, '2020-11-01', 'Nopember 2020', '', '0000-00-00', 250000, 0, 0, '', 0),
(114, 10, '2020-12-01', 'Desember 2020', '', '0000-00-00', 250000, 0, 0, '', 0),
(115, 10, '2021-01-01', 'Januari 2021', '', '0000-00-00', 250000, 0, 0, '', 0),
(116, 10, '2021-02-01', 'Februari 2021', '', '0000-00-00', 250000, 0, 0, '', 0),
(117, 10, '2021-03-01', 'Maret 2021', '', '0000-00-00', 250000, 0, 0, '', 0),
(118, 10, '2021-04-01', 'April 2021', '', '0000-00-00', 250000, 0, 0, '', 0),
(119, 10, '2021-05-01', 'Mei 2021', '', '0000-00-00', 250000, 0, 0, '', 0),
(120, 10, '2021-06-01', 'Juni 2021', '', '0000-00-00', 250000, 0, 0, '', 0),
(121, 11, '2020-07-01', 'Juli 2020', '', '0000-00-00', 250000, 0, 0, '', 0),
(122, 11, '2020-08-01', 'Agustus 2020', '', '0000-00-00', 250000, 0, 0, '', 0),
(123, 11, '2020-09-01', 'September 2020', '', '0000-00-00', 250000, 0, 0, '', 0),
(124, 11, '2020-10-01', 'Oktober 2020', '', '0000-00-00', 250000, 0, 0, '', 0),
(125, 11, '2020-11-01', 'Nopember 2020', '', '0000-00-00', 250000, 0, 0, '', 0),
(126, 11, '2020-12-01', 'Desember 2020', '', '0000-00-00', 250000, 0, 0, '', 0),
(127, 11, '2021-01-01', 'Januari 2021', '', '0000-00-00', 250000, 0, 0, '', 0),
(128, 11, '2021-02-01', 'Februari 2021', '', '0000-00-00', 250000, 0, 0, '', 0),
(129, 11, '2021-03-01', 'Maret 2021', '', '0000-00-00', 250000, 0, 0, '', 0),
(130, 11, '2021-04-01', 'April 2021', '', '0000-00-00', 250000, 0, 0, '', 0),
(131, 11, '2021-05-01', 'Mei 2021', '', '0000-00-00', 250000, 0, 0, '', 0),
(132, 11, '2021-06-01', 'Juni 2021', '', '0000-00-00', 250000, 0, 0, '', 0),
(133, 12, '2020-07-01', 'Juli 2020', '', '0000-00-00', 250000, 0, 0, '', 0),
(134, 12, '2020-08-01', 'Agustus 2020', '', '0000-00-00', 250000, 0, 0, '', 0),
(135, 12, '2020-09-01', 'September 2020', '', '0000-00-00', 250000, 0, 0, '', 0),
(136, 12, '2020-10-01', 'Oktober 2020', '', '0000-00-00', 250000, 0, 0, '', 0),
(137, 12, '2020-11-01', 'Nopember 2020', '', '0000-00-00', 250000, 0, 0, '', 0),
(138, 12, '2020-12-01', 'Desember 2020', '', '0000-00-00', 250000, 0, 0, '', 0),
(139, 12, '2021-01-01', 'Januari 2021', '', '0000-00-00', 250000, 0, 0, '', 0),
(140, 12, '2021-02-01', 'Februari 2021', '', '0000-00-00', 250000, 0, 0, '', 0),
(141, 12, '2021-03-01', 'Maret 2021', '', '0000-00-00', 250000, 0, 0, '', 0),
(142, 12, '2021-04-01', 'April 2021', '', '0000-00-00', 250000, 0, 0, '', 0),
(143, 12, '2021-05-01', 'Mei 2021', '', '0000-00-00', 250000, 0, 0, '', 0),
(144, 12, '2021-06-01', 'Juni 2021', '', '0000-00-00', 250000, 0, 0, '', 0),
(145, 13, '2020-07-01', 'Juli 2020', '', '0000-00-00', 250000, 0, 0, '', 0),
(146, 13, '2020-08-01', 'Agustus 2020', '2008120033', '2020-08-12', 250000, 0, 0, 'LUNAS', 1),
(147, 13, '2020-09-01', 'September 2020', '', '0000-00-00', 250000, 0, 0, '', 0),
(148, 13, '2020-10-01', 'Oktober 2020', '', '0000-00-00', 250000, 0, 0, '', 0),
(149, 13, '2020-11-01', 'Nopember 2020', '', '0000-00-00', 250000, 0, 0, '', 0),
(150, 13, '2020-12-01', 'Desember 2020', '', '0000-00-00', 250000, 0, 0, '', 0),
(151, 13, '2021-01-01', 'Januari 2021', '', '0000-00-00', 250000, 0, 0, '', 0),
(152, 13, '2021-02-01', 'Februari 2021', '', '0000-00-00', 250000, 0, 0, '', 0),
(153, 13, '2021-03-01', 'Maret 2021', '', '0000-00-00', 250000, 0, 0, '', 0),
(154, 13, '2021-04-01', 'April 2021', '', '0000-00-00', 250000, 0, 0, '', 0),
(155, 13, '2021-05-01', 'Mei 2021', '', '0000-00-00', 250000, 0, 0, '', 0),
(156, 13, '2021-06-01', 'Juni 2021', '', '0000-00-00', 250000, 0, 0, '', 0),
(157, 14, '2020-07-01', 'Juli 2020', '2008120012', '2020-08-12', 250000, 0, 0, 'LUNAS', 1),
(158, 14, '2020-08-01', 'Agustus 2020', '', '0000-00-00', 250000, 0, 0, '', 0),
(159, 14, '2020-09-01', 'September 2020', '', '0000-00-00', 250000, 0, 0, '', 0),
(160, 14, '2020-10-01', 'Oktober 2020', '', '0000-00-00', 250000, 0, 0, '', 0),
(161, 14, '2020-11-01', 'Nopember 2020', '', '0000-00-00', 250000, 0, 0, '', 0),
(162, 14, '2020-12-01', 'Desember 2020', '', '0000-00-00', 250000, 0, 0, '', 0),
(163, 14, '2021-01-01', 'Januari 2021', '', '0000-00-00', 250000, 0, 0, '', 0),
(164, 14, '2021-02-01', 'Februari 2021', '', '0000-00-00', 250000, 0, 0, '', 0),
(165, 14, '2021-03-01', 'Maret 2021', '', '0000-00-00', 250000, 0, 0, '', 0),
(166, 14, '2021-04-01', 'April 2021', '', '0000-00-00', 250000, 0, 0, '', 0),
(167, 14, '2021-05-01', 'Mei 2021', '', '0000-00-00', 250000, 0, 0, '', 0),
(168, 14, '2021-06-01', 'Juni 2021', '', '0000-00-00', 250000, 0, 0, '', 0),
(169, 15, '2020-07-01', 'Juli 2020', '', '0000-00-00', 250000, 0, 0, '', 0),
(170, 15, '2020-08-01', 'Agustus 2020', '', '0000-00-00', 250000, 0, 0, '', 0),
(171, 15, '2020-09-01', 'September 2020', '', '0000-00-00', 250000, 0, 0, '', 0),
(172, 15, '2020-10-01', 'Oktober 2020', '', '0000-00-00', 250000, 0, 0, '', 0),
(173, 15, '2020-11-01', 'Nopember 2020', '', '0000-00-00', 250000, 0, 0, '', 0),
(174, 15, '2020-12-01', 'Desember 2020', '', '0000-00-00', 250000, 0, 0, '', 0),
(175, 15, '2021-01-01', 'Januari 2021', '', '0000-00-00', 250000, 0, 0, '', 0),
(176, 15, '2021-02-01', 'Februari 2021', '', '0000-00-00', 250000, 0, 0, '', 0),
(177, 15, '2021-03-01', 'Maret 2021', '', '0000-00-00', 250000, 0, 0, '', 0),
(178, 15, '2021-04-01', 'April 2021', '', '0000-00-00', 250000, 0, 0, '', 0),
(179, 15, '2021-05-01', 'Mei 2021', '', '0000-00-00', 250000, 0, 0, '', 0),
(180, 15, '2021-06-01', 'Juni 2021', '', '0000-00-00', 250000, 0, 0, '', 0),
(181, 16, '2020-07-01', 'Juli 2020', '2008120013', '2020-08-12', 250000, 0, 0, 'LUNAS', 1),
(182, 16, '2020-08-01', 'Agustus 2020', '2008120049', '2020-08-12', 250000, 0, 0, 'LUNAS', 1),
(183, 16, '2020-09-01', 'September 2020', '', '0000-00-00', 250000, 0, 0, '', 0),
(184, 16, '2020-10-01', 'Oktober 2020', '', '0000-00-00', 250000, 0, 0, '', 0),
(185, 16, '2020-11-01', 'Nopember 2020', '', '0000-00-00', 250000, 0, 0, '', 0),
(186, 16, '2020-12-01', 'Desember 2020', '', '0000-00-00', 250000, 0, 0, '', 0),
(187, 16, '2021-01-01', 'Januari 2021', '', '0000-00-00', 250000, 0, 0, '', 0),
(188, 16, '2021-02-01', 'Februari 2021', '', '0000-00-00', 250000, 0, 0, '', 0),
(189, 16, '2021-03-01', 'Maret 2021', '', '0000-00-00', 250000, 0, 0, '', 0),
(190, 16, '2021-04-01', 'April 2021', '', '0000-00-00', 250000, 0, 0, '', 0),
(191, 16, '2021-05-01', 'Mei 2021', '', '0000-00-00', 250000, 0, 0, '', 0),
(192, 16, '2021-06-01', 'Juni 2021', '', '0000-00-00', 250000, 0, 0, '', 0),
(193, 17, '2020-07-01', 'Juli 2020', '2008120014', '2020-08-12', 250000, 0, 0, 'LUNAS', 1),
(194, 17, '2020-08-01', 'Agustus 2020', '2008120040', '2020-08-12', 250000, 0, 0, 'LUNAS', 1),
(195, 17, '2020-09-01', 'September 2020', '', '0000-00-00', 250000, 0, 0, '', 0),
(196, 17, '2020-10-01', 'Oktober 2020', '', '0000-00-00', 250000, 0, 0, '', 0),
(197, 17, '2020-11-01', 'Nopember 2020', '', '0000-00-00', 250000, 0, 0, '', 0),
(198, 17, '2020-12-01', 'Desember 2020', '', '0000-00-00', 250000, 0, 0, '', 0),
(199, 17, '2021-01-01', 'Januari 2021', '', '0000-00-00', 250000, 0, 0, '', 0),
(200, 17, '2021-02-01', 'Februari 2021', '', '0000-00-00', 250000, 0, 0, '', 0),
(201, 17, '2021-03-01', 'Maret 2021', '', '0000-00-00', 250000, 0, 0, '', 0),
(202, 17, '2021-04-01', 'April 2021', '', '0000-00-00', 250000, 0, 0, '', 0),
(203, 17, '2021-05-01', 'Mei 2021', '', '0000-00-00', 250000, 0, 0, '', 0),
(204, 17, '2021-06-01', 'Juni 2021', '', '0000-00-00', 250000, 0, 0, '', 0),
(205, 18, '2020-07-01', 'Juli 2020', '', '0000-00-00', 250000, 0, 0, '', 0),
(206, 18, '2020-08-01', 'Agustus 2020', '', '0000-00-00', 250000, 0, 0, '', 0),
(207, 18, '2020-09-01', 'September 2020', '', '0000-00-00', 250000, 0, 0, '', 0),
(208, 18, '2020-10-01', 'Oktober 2020', '', '0000-00-00', 250000, 0, 0, '', 0),
(209, 18, '2020-11-01', 'Nopember 2020', '', '0000-00-00', 250000, 0, 0, '', 0),
(210, 18, '2020-12-01', 'Desember 2020', '', '0000-00-00', 250000, 0, 0, '', 0),
(211, 18, '2021-01-01', 'Januari 2021', '', '0000-00-00', 250000, 0, 0, '', 0),
(212, 18, '2021-02-01', 'Februari 2021', '', '0000-00-00', 250000, 0, 0, '', 0),
(213, 18, '2021-03-01', 'Maret 2021', '', '0000-00-00', 250000, 0, 0, '', 0),
(214, 18, '2021-04-01', 'April 2021', '', '0000-00-00', 250000, 0, 0, '', 0),
(215, 18, '2021-05-01', 'Mei 2021', '', '0000-00-00', 250000, 0, 0, '', 0),
(216, 18, '2021-06-01', 'Juni 2021', '', '0000-00-00', 250000, 0, 0, '', 0),
(217, 19, '2020-07-01', 'Juli 2020', '', '0000-00-00', 250000, 0, 0, '', 0),
(218, 19, '2020-08-01', 'Agustus 2020', '2008120039', '2020-08-12', 250000, 0, 0, 'LUNAS', 1),
(219, 19, '2020-09-01', 'September 2020', '', '0000-00-00', 250000, 0, 0, '', 0),
(220, 19, '2020-10-01', 'Oktober 2020', '', '0000-00-00', 250000, 0, 0, '', 0),
(221, 19, '2020-11-01', 'Nopember 2020', '', '0000-00-00', 250000, 0, 0, '', 0),
(222, 19, '2020-12-01', 'Desember 2020', '', '0000-00-00', 250000, 0, 0, '', 0),
(223, 19, '2021-01-01', 'Januari 2021', '', '0000-00-00', 250000, 0, 0, '', 0),
(224, 19, '2021-02-01', 'Februari 2021', '', '0000-00-00', 250000, 0, 0, '', 0),
(225, 19, '2021-03-01', 'Maret 2021', '', '0000-00-00', 250000, 0, 0, '', 0),
(226, 19, '2021-04-01', 'April 2021', '', '0000-00-00', 250000, 0, 0, '', 0),
(227, 19, '2021-05-01', 'Mei 2021', '', '0000-00-00', 250000, 0, 0, '', 0),
(228, 19, '2021-06-01', 'Juni 2021', '', '0000-00-00', 250000, 0, 0, '', 0),
(229, 20, '2020-07-01', 'Juli 2020', '2008120015', '2020-08-12', 250000, 0, 0, 'LUNAS', 1),
(230, 20, '2020-08-01', 'Agustus 2020', '2008120041', '2020-08-12', 250000, 0, 0, 'LUNAS', 1),
(231, 20, '2020-09-01', 'September 2020', '', '0000-00-00', 250000, 0, 0, '', 0),
(232, 20, '2020-10-01', 'Oktober 2020', '', '0000-00-00', 250000, 0, 0, '', 0),
(233, 20, '2020-11-01', 'Nopember 2020', '', '0000-00-00', 250000, 0, 0, '', 0),
(234, 20, '2020-12-01', 'Desember 2020', '', '0000-00-00', 250000, 0, 0, '', 0),
(235, 20, '2021-01-01', 'Januari 2021', '', '0000-00-00', 250000, 0, 0, '', 0),
(236, 20, '2021-02-01', 'Februari 2021', '', '0000-00-00', 250000, 0, 0, '', 0),
(237, 20, '2021-03-01', 'Maret 2021', '', '0000-00-00', 250000, 0, 0, '', 0),
(238, 20, '2021-04-01', 'April 2021', '', '0000-00-00', 250000, 0, 0, '', 0),
(239, 20, '2021-05-01', 'Mei 2021', '', '0000-00-00', 250000, 0, 0, '', 0),
(240, 20, '2021-06-01', 'Juni 2021', '', '0000-00-00', 250000, 0, 0, '', 0),
(241, 21, '2020-07-01', 'Juli 2020', '2008120016', '2020-08-12', 250000, 0, 0, 'LUNAS', 1),
(242, 21, '2020-08-01', 'Agustus 2020', '', '0000-00-00', 250000, 0, 0, '', 0),
(243, 21, '2020-09-01', 'September 2020', '', '0000-00-00', 250000, 0, 0, '', 0),
(244, 21, '2020-10-01', 'Oktober 2020', '', '0000-00-00', 250000, 0, 0, '', 0),
(245, 21, '2020-11-01', 'Nopember 2020', '', '0000-00-00', 250000, 0, 0, '', 0),
(246, 21, '2020-12-01', 'Desember 2020', '', '0000-00-00', 250000, 0, 0, '', 0),
(247, 21, '2021-01-01', 'Januari 2021', '', '0000-00-00', 250000, 0, 0, '', 0),
(248, 21, '2021-02-01', 'Februari 2021', '', '0000-00-00', 250000, 0, 0, '', 0),
(249, 21, '2021-03-01', 'Maret 2021', '', '0000-00-00', 250000, 0, 0, '', 0),
(250, 21, '2021-04-01', 'April 2021', '', '0000-00-00', 250000, 0, 0, '', 0),
(251, 21, '2021-05-01', 'Mei 2021', '', '0000-00-00', 250000, 0, 0, '', 0),
(252, 21, '2021-06-01', 'Juni 2021', '', '0000-00-00', 250000, 0, 0, '', 0),
(253, 22, '2020-07-01', 'Juli 2020', '', '0000-00-00', 250000, 0, 0, '', 0),
(254, 22, '2020-08-01', 'Agustus 2020', '', '0000-00-00', 250000, 0, 0, '', 0),
(255, 22, '2020-09-01', 'September 2020', '', '0000-00-00', 250000, 0, 0, '', 0),
(256, 22, '2020-10-01', 'Oktober 2020', '', '0000-00-00', 250000, 0, 0, '', 0),
(257, 22, '2020-11-01', 'Nopember 2020', '', '0000-00-00', 250000, 0, 0, '', 0),
(258, 22, '2020-12-01', 'Desember 2020', '', '0000-00-00', 250000, 0, 0, '', 0),
(259, 22, '2021-01-01', 'Januari 2021', '', '0000-00-00', 250000, 0, 0, '', 0),
(260, 22, '2021-02-01', 'Februari 2021', '', '0000-00-00', 250000, 0, 0, '', 0),
(261, 22, '2021-03-01', 'Maret 2021', '', '0000-00-00', 250000, 0, 0, '', 0),
(262, 22, '2021-04-01', 'April 2021', '', '0000-00-00', 250000, 0, 0, '', 0),
(263, 22, '2021-05-01', 'Mei 2021', '', '0000-00-00', 250000, 0, 0, '', 0),
(264, 22, '2021-06-01', 'Juni 2021', '', '0000-00-00', 250000, 0, 0, '', 0),
(265, 23, '2020-07-01', 'Juli 2020', '', '0000-00-00', 250000, 0, 0, '', 0),
(266, 23, '2020-08-01', 'Agustus 2020', '', '0000-00-00', 250000, 0, 0, '', 0),
(267, 23, '2020-09-01', 'September 2020', '', '0000-00-00', 250000, 0, 0, '', 0),
(268, 23, '2020-10-01', 'Oktober 2020', '', '0000-00-00', 250000, 0, 0, '', 0),
(269, 23, '2020-11-01', 'Nopember 2020', '', '0000-00-00', 250000, 0, 0, '', 0),
(270, 23, '2020-12-01', 'Desember 2020', '', '0000-00-00', 250000, 0, 0, '', 0),
(271, 23, '2021-01-01', 'Januari 2021', '', '0000-00-00', 250000, 0, 0, '', 0),
(272, 23, '2021-02-01', 'Februari 2021', '', '0000-00-00', 250000, 0, 0, '', 0),
(273, 23, '2021-03-01', 'Maret 2021', '', '0000-00-00', 250000, 0, 0, '', 0),
(274, 23, '2021-04-01', 'April 2021', '', '0000-00-00', 250000, 0, 0, '', 0),
(275, 23, '2021-05-01', 'Mei 2021', '', '0000-00-00', 250000, 0, 0, '', 0),
(276, 23, '2021-06-01', 'Juni 2021', '', '0000-00-00', 250000, 0, 0, '', 0),
(277, 24, '2020-07-01', 'Juli 2020', '', '0000-00-00', 250000, 0, 0, '', 0),
(278, 24, '2020-08-01', 'Agustus 2020', '', '0000-00-00', 250000, 0, 0, '', 0),
(279, 24, '2020-09-01', 'September 2020', '', '0000-00-00', 250000, 0, 0, '', 0),
(280, 24, '2020-10-01', 'Oktober 2020', '', '0000-00-00', 250000, 0, 0, '', 0),
(281, 24, '2020-11-01', 'Nopember 2020', '', '0000-00-00', 250000, 0, 0, '', 0),
(282, 24, '2020-12-01', 'Desember 2020', '', '0000-00-00', 250000, 0, 0, '', 0),
(283, 24, '2021-01-01', 'Januari 2021', '', '0000-00-00', 250000, 0, 0, '', 0),
(284, 24, '2021-02-01', 'Februari 2021', '', '0000-00-00', 250000, 0, 0, '', 0),
(285, 24, '2021-03-01', 'Maret 2021', '', '0000-00-00', 250000, 0, 0, '', 0),
(286, 24, '2021-04-01', 'April 2021', '', '0000-00-00', 250000, 0, 0, '', 0),
(287, 24, '2021-05-01', 'Mei 2021', '', '0000-00-00', 250000, 0, 0, '', 0),
(288, 24, '2021-06-01', 'Juni 2021', '', '0000-00-00', 250000, 0, 0, '', 0),
(289, 25, '2020-07-01', 'Juli 2020', '2008120017', '2020-08-12', 250000, 0, 0, 'LUNAS', 1),
(290, 25, '2020-08-01', 'Agustus 2020', '', '0000-00-00', 250000, 0, 0, '', 0),
(291, 25, '2020-09-01', 'September 2020', '', '0000-00-00', 250000, 0, 0, '', 0),
(292, 25, '2020-10-01', 'Oktober 2020', '', '0000-00-00', 250000, 0, 0, '', 0),
(293, 25, '2020-11-01', 'Nopember 2020', '', '0000-00-00', 250000, 0, 0, '', 0),
(294, 25, '2020-12-01', 'Desember 2020', '', '0000-00-00', 250000, 0, 0, '', 0),
(295, 25, '2021-01-01', 'Januari 2021', '', '0000-00-00', 250000, 0, 0, '', 0),
(296, 25, '2021-02-01', 'Februari 2021', '', '0000-00-00', 250000, 0, 0, '', 0),
(297, 25, '2021-03-01', 'Maret 2021', '', '0000-00-00', 250000, 0, 0, '', 0),
(298, 25, '2021-04-01', 'April 2021', '', '0000-00-00', 250000, 0, 0, '', 0),
(299, 25, '2021-05-01', 'Mei 2021', '', '0000-00-00', 250000, 0, 0, '', 0),
(300, 25, '2021-06-01', 'Juni 2021', '', '0000-00-00', 250000, 0, 0, '', 0),
(301, 26, '2020-07-01', 'Juli 2020', '', '0000-00-00', 250000, 0, 0, '', 0),
(302, 26, '2020-08-01', 'Agustus 2020', '', '0000-00-00', 250000, 0, 0, '', 0),
(303, 26, '2020-09-01', 'September 2020', '', '0000-00-00', 250000, 0, 0, '', 0),
(304, 26, '2020-10-01', 'Oktober 2020', '', '0000-00-00', 250000, 0, 0, '', 0),
(305, 26, '2020-11-01', 'Nopember 2020', '', '0000-00-00', 250000, 0, 0, '', 0),
(306, 26, '2020-12-01', 'Desember 2020', '', '0000-00-00', 250000, 0, 0, '', 0),
(307, 26, '2021-01-01', 'Januari 2021', '', '0000-00-00', 250000, 0, 0, '', 0),
(308, 26, '2021-02-01', 'Februari 2021', '', '0000-00-00', 250000, 0, 0, '', 0),
(309, 26, '2021-03-01', 'Maret 2021', '', '0000-00-00', 250000, 0, 0, '', 0),
(310, 26, '2021-04-01', 'April 2021', '', '0000-00-00', 250000, 0, 0, '', 0),
(311, 26, '2021-05-01', 'Mei 2021', '', '0000-00-00', 250000, 0, 0, '', 0),
(312, 26, '2021-06-01', 'Juni 2021', '', '0000-00-00', 250000, 0, 0, '', 0),
(313, 27, '2020-07-01', 'Juli 2020', '2008120018', '2020-08-12', 225000, 0, 0, 'LUNAS', 1),
(314, 27, '2020-08-01', 'Agustus 2020', '2008120060', '2020-08-12', 225000, 0, 0, 'LUNAS', 1),
(315, 27, '2020-09-01', 'September 2020', '', '0000-00-00', 225000, 0, 0, '', 0),
(316, 27, '2020-10-01', 'Oktober 2020', '', '0000-00-00', 225000, 0, 0, '', 0),
(317, 27, '2020-11-01', 'Nopember 2020', '', '0000-00-00', 225000, 0, 0, '', 0),
(318, 27, '2020-12-01', 'Desember 2020', '', '0000-00-00', 225000, 0, 0, '', 0),
(319, 27, '2021-01-01', 'Januari 2021', '', '0000-00-00', 225000, 0, 0, '', 0),
(320, 27, '2021-02-01', 'Februari 2021', '', '0000-00-00', 225000, 0, 0, '', 0),
(321, 27, '2021-03-01', 'Maret 2021', '', '0000-00-00', 225000, 0, 0, '', 0),
(322, 27, '2021-04-01', 'April 2021', '', '0000-00-00', 225000, 0, 0, '', 0),
(323, 27, '2021-05-01', 'Mei 2021', '', '0000-00-00', 225000, 0, 0, '', 0),
(324, 27, '2021-06-01', 'Juni 2021', '', '0000-00-00', 225000, 0, 0, '', 0),
(325, 28, '2020-07-01', 'Juli 2020', '2008120019', '2020-08-12', 225000, 0, 0, 'LUNAS', 1),
(326, 28, '2020-08-01', 'Agustus 2020', '', '0000-00-00', 225000, 0, 0, '', 0),
(327, 28, '2020-09-01', 'September 2020', '', '0000-00-00', 225000, 0, 0, '', 0),
(328, 28, '2020-10-01', 'Oktober 2020', '', '0000-00-00', 225000, 0, 0, '', 0),
(329, 28, '2020-11-01', 'Nopember 2020', '', '0000-00-00', 225000, 0, 0, '', 0),
(330, 28, '2020-12-01', 'Desember 2020', '', '0000-00-00', 225000, 0, 0, '', 0),
(331, 28, '2021-01-01', 'Januari 2021', '', '0000-00-00', 225000, 0, 0, '', 0),
(332, 28, '2021-02-01', 'Februari 2021', '', '0000-00-00', 225000, 0, 0, '', 0),
(333, 28, '2021-03-01', 'Maret 2021', '', '0000-00-00', 225000, 0, 0, '', 0),
(334, 28, '2021-04-01', 'April 2021', '', '0000-00-00', 225000, 0, 0, '', 0),
(335, 28, '2021-05-01', 'Mei 2021', '', '0000-00-00', 225000, 0, 0, '', 0),
(336, 28, '2021-06-01', 'Juni 2021', '', '0000-00-00', 225000, 0, 0, '', 0),
(337, 29, '2020-07-01', 'Juli 2020', '', '0000-00-00', 225000, 0, 0, '', 0),
(338, 29, '2020-08-01', 'Agustus 2020', '', '0000-00-00', 225000, 0, 0, '', 0),
(339, 29, '2020-09-01', 'September 2020', '', '0000-00-00', 225000, 0, 0, '', 0),
(340, 29, '2020-10-01', 'Oktober 2020', '', '0000-00-00', 225000, 0, 0, '', 0),
(341, 29, '2020-11-01', 'Nopember 2020', '', '0000-00-00', 225000, 0, 0, '', 0),
(342, 29, '2020-12-01', 'Desember 2020', '', '0000-00-00', 225000, 0, 0, '', 0),
(343, 29, '2021-01-01', 'Januari 2021', '', '0000-00-00', 225000, 0, 0, '', 0),
(344, 29, '2021-02-01', 'Februari 2021', '', '0000-00-00', 225000, 0, 0, '', 0),
(345, 29, '2021-03-01', 'Maret 2021', '', '0000-00-00', 225000, 0, 0, '', 0),
(346, 29, '2021-04-01', 'April 2021', '', '0000-00-00', 225000, 0, 0, '', 0),
(347, 29, '2021-05-01', 'Mei 2021', '', '0000-00-00', 225000, 0, 0, '', 0),
(348, 29, '2021-06-01', 'Juni 2021', '', '0000-00-00', 225000, 0, 0, '', 0),
(349, 30, '2020-07-01', 'Juli 2020', '2008120038', '2020-08-12', 225000, 0, 0, 'LUNAS', 1),
(350, 30, '2020-08-01', 'Agustus 2020', '2008120052', '2020-08-12', 225000, 0, 0, 'LUNAS', 1),
(351, 30, '2020-09-01', 'September 2020', '', '0000-00-00', 225000, 0, 0, '', 0),
(352, 30, '2020-10-01', 'Oktober 2020', '', '0000-00-00', 225000, 0, 0, '', 0),
(353, 30, '2020-11-01', 'Nopember 2020', '', '0000-00-00', 225000, 0, 0, '', 0),
(354, 30, '2020-12-01', 'Desember 2020', '', '0000-00-00', 225000, 0, 0, '', 0),
(355, 30, '2021-01-01', 'Januari 2021', '', '0000-00-00', 225000, 0, 0, '', 0),
(356, 30, '2021-02-01', 'Februari 2021', '', '0000-00-00', 225000, 0, 0, '', 0),
(357, 30, '2021-03-01', 'Maret 2021', '', '0000-00-00', 225000, 0, 0, '', 0),
(358, 30, '2021-04-01', 'April 2021', '', '0000-00-00', 225000, 0, 0, '', 0),
(359, 30, '2021-05-01', 'Mei 2021', '', '0000-00-00', 225000, 0, 0, '', 0),
(360, 30, '2021-06-01', 'Juni 2021', '', '0000-00-00', 225000, 0, 0, '', 0),
(361, 31, '2020-07-01', 'Juli 2020', '2008120020', '2020-08-12', 225000, 0, 0, 'LUNAS', 1),
(362, 31, '2020-08-01', 'Agustus 2020', '', '0000-00-00', 225000, 0, 0, '', 0),
(363, 31, '2020-09-01', 'September 2020', '', '0000-00-00', 225000, 0, 0, '', 0),
(364, 31, '2020-10-01', 'Oktober 2020', '', '0000-00-00', 225000, 0, 0, '', 0),
(365, 31, '2020-11-01', 'Nopember 2020', '', '0000-00-00', 225000, 0, 0, '', 0),
(366, 31, '2020-12-01', 'Desember 2020', '', '0000-00-00', 225000, 0, 0, '', 0),
(367, 31, '2021-01-01', 'Januari 2021', '', '0000-00-00', 225000, 0, 0, '', 0),
(368, 31, '2021-02-01', 'Februari 2021', '', '0000-00-00', 225000, 0, 0, '', 0),
(369, 31, '2021-03-01', 'Maret 2021', '', '0000-00-00', 225000, 0, 0, '', 0),
(370, 31, '2021-04-01', 'April 2021', '', '0000-00-00', 225000, 0, 0, '', 0),
(371, 31, '2021-05-01', 'Mei 2021', '', '0000-00-00', 225000, 0, 0, '', 0),
(372, 31, '2021-06-01', 'Juni 2021', '', '0000-00-00', 225000, 0, 0, '', 0),
(373, 32, '2020-07-01', 'Juli 2020', '2008120021', '2020-08-12', 225000, 0, 0, 'LUNAS', 1),
(374, 32, '2020-08-01', 'Agustus 2020', '2008120062', '2020-08-12', 225000, 0, 0, 'LUNAS', 1),
(375, 32, '2020-09-01', 'September 2020', '', '0000-00-00', 225000, 0, 0, '', 0),
(376, 32, '2020-10-01', 'Oktober 2020', '', '0000-00-00', 225000, 0, 0, '', 0),
(377, 32, '2020-11-01', 'Nopember 2020', '', '0000-00-00', 225000, 0, 0, '', 0),
(378, 32, '2020-12-01', 'Desember 2020', '', '0000-00-00', 225000, 0, 0, '', 0),
(379, 32, '2021-01-01', 'Januari 2021', '', '0000-00-00', 225000, 0, 0, '', 0),
(380, 32, '2021-02-01', 'Februari 2021', '', '0000-00-00', 225000, 0, 0, '', 0),
(381, 32, '2021-03-01', 'Maret 2021', '', '0000-00-00', 225000, 0, 0, '', 0),
(382, 32, '2021-04-01', 'April 2021', '', '0000-00-00', 225000, 0, 0, '', 0),
(383, 32, '2021-05-01', 'Mei 2021', '', '0000-00-00', 225000, 0, 0, '', 0),
(384, 32, '2021-06-01', 'Juni 2021', '', '0000-00-00', 225000, 0, 0, '', 0),
(385, 33, '2020-07-01', 'Juli 2020', '2008120029', '2020-08-12', 225000, 0, 0, 'LUNAS', 1),
(386, 33, '2020-08-01', 'Agustus 2020', '2008120058', '2020-08-12', 225000, 0, 0, 'LUNAS', 1),
(387, 33, '2020-09-01', 'September 2020', '', '0000-00-00', 225000, 0, 0, '', 0),
(388, 33, '2020-10-01', 'Oktober 2020', '', '0000-00-00', 225000, 0, 0, '', 0),
(389, 33, '2020-11-01', 'Nopember 2020', '', '0000-00-00', 225000, 0, 0, '', 0),
(390, 33, '2020-12-01', 'Desember 2020', '', '0000-00-00', 225000, 0, 0, '', 0),
(391, 33, '2021-01-01', 'Januari 2021', '', '0000-00-00', 225000, 0, 0, '', 0),
(392, 33, '2021-02-01', 'Februari 2021', '', '0000-00-00', 225000, 0, 0, '', 0),
(393, 33, '2021-03-01', 'Maret 2021', '', '0000-00-00', 225000, 0, 0, '', 0),
(394, 33, '2021-04-01', 'April 2021', '', '0000-00-00', 225000, 0, 0, '', 0),
(395, 33, '2021-05-01', 'Mei 2021', '', '0000-00-00', 225000, 0, 0, '', 0),
(396, 33, '2021-06-01', 'Juni 2021', '', '0000-00-00', 225000, 0, 0, '', 0),
(397, 34, '2020-07-01', 'Juli 2020', '2008120032', '2020-08-12', 225000, 0, 0, 'LUNAS', 1),
(398, 34, '2020-08-01', 'Agustus 2020', '', '0000-00-00', 225000, 0, 0, '', 0),
(399, 34, '2020-09-01', 'September 2020', '', '0000-00-00', 225000, 0, 0, '', 0),
(400, 34, '2020-10-01', 'Oktober 2020', '', '0000-00-00', 225000, 0, 0, '', 0),
(401, 34, '2020-11-01', 'Nopember 2020', '', '0000-00-00', 225000, 0, 0, '', 0),
(402, 34, '2020-12-01', 'Desember 2020', '', '0000-00-00', 225000, 0, 0, '', 0),
(403, 34, '2021-01-01', 'Januari 2021', '', '0000-00-00', 225000, 0, 0, '', 0),
(404, 34, '2021-02-01', 'Februari 2021', '', '0000-00-00', 225000, 0, 0, '', 0),
(405, 34, '2021-03-01', 'Maret 2021', '', '0000-00-00', 225000, 0, 0, '', 0),
(406, 34, '2021-04-01', 'April 2021', '', '0000-00-00', 225000, 0, 0, '', 0),
(407, 34, '2021-05-01', 'Mei 2021', '', '0000-00-00', 225000, 0, 0, '', 0),
(408, 34, '2021-06-01', 'Juni 2021', '', '0000-00-00', 225000, 0, 0, '', 0),
(409, 35, '2020-07-01', 'Juli 2020', '', '0000-00-00', 225000, 0, 0, '', 0),
(410, 35, '2020-08-01', 'Agustus 2020', '', '0000-00-00', 225000, 0, 0, '', 0),
(411, 35, '2020-09-01', 'September 2020', '', '0000-00-00', 225000, 0, 0, '', 0),
(412, 35, '2020-10-01', 'Oktober 2020', '', '0000-00-00', 225000, 0, 0, '', 0),
(413, 35, '2020-11-01', 'Nopember 2020', '', '0000-00-00', 225000, 0, 0, '', 0),
(414, 35, '2020-12-01', 'Desember 2020', '', '0000-00-00', 225000, 0, 0, '', 0),
(415, 35, '2021-01-01', 'Januari 2021', '', '0000-00-00', 225000, 0, 0, '', 0),
(416, 35, '2021-02-01', 'Februari 2021', '', '0000-00-00', 225000, 0, 0, '', 0),
(417, 35, '2021-03-01', 'Maret 2021', '', '0000-00-00', 225000, 0, 0, '', 0),
(418, 35, '2021-04-01', 'April 2021', '', '0000-00-00', 225000, 0, 0, '', 0),
(419, 35, '2021-05-01', 'Mei 2021', '', '0000-00-00', 225000, 0, 0, '', 0),
(420, 35, '2021-06-01', 'Juni 2021', '', '0000-00-00', 225000, 0, 0, '', 0),
(421, 36, '2020-07-01', 'Juli 2020', '2008120023', '2020-08-12', 225000, 0, 0, 'LUNAS', 1),
(422, 36, '2020-08-01', 'Agustus 2020', '', '0000-00-00', 225000, 0, 0, '', 0),
(423, 36, '2020-09-01', 'September 2020', '', '0000-00-00', 225000, 0, 0, '', 0),
(424, 36, '2020-10-01', 'Oktober 2020', '', '0000-00-00', 225000, 0, 0, '', 0),
(425, 36, '2020-11-01', 'Nopember 2020', '', '0000-00-00', 225000, 0, 0, '', 0),
(426, 36, '2020-12-01', 'Desember 2020', '', '0000-00-00', 225000, 0, 0, '', 0),
(427, 36, '2021-01-01', 'Januari 2021', '', '0000-00-00', 225000, 0, 0, '', 0),
(428, 36, '2021-02-01', 'Februari 2021', '', '0000-00-00', 225000, 0, 0, '', 0),
(429, 36, '2021-03-01', 'Maret 2021', '', '0000-00-00', 225000, 0, 0, '', 0),
(430, 36, '2021-04-01', 'April 2021', '', '0000-00-00', 225000, 0, 0, '', 0),
(431, 36, '2021-05-01', 'Mei 2021', '', '0000-00-00', 225000, 0, 0, '', 0),
(432, 36, '2021-06-01', 'Juni 2021', '', '0000-00-00', 225000, 0, 0, '', 0),
(433, 37, '2020-07-01', 'Juli 2020', '2008120001', '2020-08-12', 150000, 0, 0, 'LUNAS', 1),
(434, 37, '2020-08-01', 'Agustus 2020', '2008120002', '2020-08-12', 150000, 0, 0, 'LUNAS', 1),
(435, 37, '2020-09-01', 'September 2020', '', '0000-00-00', 150000, 0, 0, '', 0),
(436, 37, '2020-10-01', 'Oktober 2020', '', '0000-00-00', 150000, 0, 0, '', 0),
(437, 37, '2020-11-01', 'Nopember 2020', '', '0000-00-00', 150000, 0, 0, '', 0),
(438, 37, '2020-12-01', 'Desember 2020', '', '0000-00-00', 150000, 0, 0, '', 0),
(439, 37, '2021-01-01', 'Januari 2021', '', '0000-00-00', 150000, 0, 0, '', 0),
(440, 37, '2021-02-01', 'Februari 2021', '', '0000-00-00', 150000, 0, 0, '', 0),
(441, 37, '2021-03-01', 'Maret 2021', '', '0000-00-00', 150000, 0, 0, '', 0),
(442, 37, '2021-04-01', 'April 2021', '', '0000-00-00', 150000, 0, 0, '', 0),
(443, 37, '2021-05-01', 'Mei 2021', '', '0000-00-00', 150000, 0, 0, '', 0),
(444, 37, '2021-06-01', 'Juni 2021', '', '0000-00-00', 150000, 0, 0, '', 0),
(445, 38, '2020-07-01', 'Juli 2020', '', '0000-00-00', 225000, 0, 0, '', 0),
(446, 38, '2020-08-01', 'Agustus 2020', '', '0000-00-00', 225000, 0, 0, '', 0),
(447, 38, '2020-09-01', 'September 2020', '', '0000-00-00', 225000, 0, 0, '', 0),
(448, 38, '2020-10-01', 'Oktober 2020', '', '0000-00-00', 225000, 0, 0, '', 0),
(449, 38, '2020-11-01', 'Nopember 2020', '', '0000-00-00', 225000, 0, 0, '', 0),
(450, 38, '2020-12-01', 'Desember 2020', '', '0000-00-00', 225000, 0, 0, '', 0),
(451, 38, '2021-01-01', 'Januari 2021', '', '0000-00-00', 225000, 0, 0, '', 0),
(452, 38, '2021-02-01', 'Februari 2021', '', '0000-00-00', 225000, 0, 0, '', 0),
(453, 38, '2021-03-01', 'Maret 2021', '', '0000-00-00', 225000, 0, 0, '', 0),
(454, 38, '2021-04-01', 'April 2021', '', '0000-00-00', 225000, 0, 0, '', 0),
(455, 38, '2021-05-01', 'Mei 2021', '', '0000-00-00', 225000, 0, 0, '', 0),
(456, 38, '2021-06-01', 'Juni 2021', '', '0000-00-00', 225000, 0, 0, '', 0),
(457, 39, '2020-07-01', 'Juli 2020', '2008120026', '2020-08-12', 225000, 0, 0, 'LUNAS', 1),
(458, 39, '2020-08-01', 'Agustus 2020', '2008120037', '2020-08-12', 225000, 0, 0, 'LUNAS', 1),
(459, 39, '2020-09-01', 'September 2020', '', '0000-00-00', 225000, 0, 0, '', 0),
(460, 39, '2020-10-01', 'Oktober 2020', '', '0000-00-00', 225000, 0, 0, '', 0),
(461, 39, '2020-11-01', 'Nopember 2020', '', '0000-00-00', 225000, 0, 0, '', 0),
(462, 39, '2020-12-01', 'Desember 2020', '', '0000-00-00', 225000, 0, 0, '', 0),
(463, 39, '2021-01-01', 'Januari 2021', '', '0000-00-00', 225000, 0, 0, '', 0),
(464, 39, '2021-02-01', 'Februari 2021', '', '0000-00-00', 225000, 0, 0, '', 0),
(465, 39, '2021-03-01', 'Maret 2021', '', '0000-00-00', 225000, 0, 0, '', 0),
(466, 39, '2021-04-01', 'April 2021', '', '0000-00-00', 225000, 0, 0, '', 0),
(467, 39, '2021-05-01', 'Mei 2021', '', '0000-00-00', 225000, 0, 0, '', 0),
(468, 39, '2021-06-01', 'Juni 2021', '', '0000-00-00', 225000, 0, 0, '', 0),
(469, 40, '2020-07-01', 'Juli 2020', '2008120027', '2020-08-12', 225000, 0, 0, 'LUNAS', 1),
(470, 40, '2020-08-01', 'Agustus 2020', '', '0000-00-00', 225000, 0, 0, '', 0),
(471, 40, '2020-09-01', 'September 2020', '', '0000-00-00', 225000, 0, 0, '', 0),
(472, 40, '2020-10-01', 'Oktober 2020', '', '0000-00-00', 225000, 0, 0, '', 0),
(473, 40, '2020-11-01', 'Nopember 2020', '', '0000-00-00', 225000, 0, 0, '', 0),
(474, 40, '2020-12-01', 'Desember 2020', '', '0000-00-00', 225000, 0, 0, '', 0),
(475, 40, '2021-01-01', 'Januari 2021', '', '0000-00-00', 225000, 0, 0, '', 0),
(476, 40, '2021-02-01', 'Februari 2021', '', '0000-00-00', 225000, 0, 0, '', 0),
(477, 40, '2021-03-01', 'Maret 2021', '', '0000-00-00', 225000, 0, 0, '', 0),
(478, 40, '2021-04-01', 'April 2021', '', '0000-00-00', 225000, 0, 0, '', 0),
(479, 40, '2021-05-01', 'Mei 2021', '', '0000-00-00', 225000, 0, 0, '', 0),
(480, 40, '2021-06-01', 'Juni 2021', '', '0000-00-00', 225000, 0, 0, '', 0),
(481, 41, '2020-07-01', 'Juli 2020', '2008120067', '2020-08-12', 225000, 0, 0, 'LUNAS', 1),
(482, 41, '2020-08-01', 'Agustus 2020', '2008120068', '2020-08-12', 225000, 0, 0, 'LUNAS', 1),
(483, 41, '2020-09-01', 'September 2020', '', '0000-00-00', 225000, 0, 0, '', 0),
(484, 41, '2020-10-01', 'Oktober 2020', '', '0000-00-00', 225000, 0, 0, '', 0),
(485, 41, '2020-11-01', 'Nopember 2020', '', '0000-00-00', 225000, 0, 0, '', 0),
(486, 41, '2020-12-01', 'Desember 2020', '', '0000-00-00', 225000, 0, 0, '', 0),
(487, 41, '2021-01-01', 'Januari 2021', '', '0000-00-00', 225000, 0, 0, '', 0),
(488, 41, '2021-02-01', 'Februari 2021', '', '0000-00-00', 225000, 0, 0, '', 0),
(489, 41, '2021-03-01', 'Maret 2021', '', '0000-00-00', 225000, 0, 0, '', 0),
(490, 41, '2021-04-01', 'April 2021', '', '0000-00-00', 225000, 0, 0, '', 0),
(491, 41, '2021-05-01', 'Mei 2021', '', '0000-00-00', 225000, 0, 0, '', 0),
(492, 41, '2021-06-01', 'Juni 2021', '', '0000-00-00', 225000, 0, 0, '', 0),
(493, 42, '2020-07-01', 'Juli 2020', '2008120034', '2020-08-12', 225000, 0, 0, 'LUNAS', 1),
(494, 42, '2020-08-01', 'Agustus 2020', '', '0000-00-00', 225000, 0, 0, '', 0),
(495, 42, '2020-09-01', 'September 2020', '', '0000-00-00', 225000, 0, 0, '', 0),
(496, 42, '2020-10-01', 'Oktober 2020', '', '0000-00-00', 225000, 0, 0, '', 0),
(497, 42, '2020-11-01', 'Nopember 2020', '', '0000-00-00', 225000, 0, 0, '', 0),
(498, 42, '2020-12-01', 'Desember 2020', '', '0000-00-00', 225000, 0, 0, '', 0),
(499, 42, '2021-01-01', 'Januari 2021', '', '0000-00-00', 225000, 0, 0, '', 0),
(500, 42, '2021-02-01', 'Februari 2021', '', '0000-00-00', 225000, 0, 0, '', 0),
(501, 42, '2021-03-01', 'Maret 2021', '', '0000-00-00', 225000, 0, 0, '', 0),
(502, 42, '2021-04-01', 'April 2021', '', '0000-00-00', 225000, 0, 0, '', 0),
(503, 42, '2021-05-01', 'Mei 2021', '', '0000-00-00', 225000, 0, 0, '', 0),
(504, 42, '2021-06-01', 'Juni 2021', '', '0000-00-00', 225000, 0, 0, '', 0),
(505, 43, '2020-07-01', 'Juli 2020', '2008120035', '2020-08-12', 225000, 0, 0, 'LUNAS', 1),
(506, 43, '2020-08-01', 'Agustus 2020', '2008120036', '2020-08-12', 225000, 0, 0, 'LUNAS', 1),
(507, 43, '2020-09-01', 'September 2020', '', '0000-00-00', 225000, 0, 0, '', 0),
(508, 43, '2020-10-01', 'Oktober 2020', '', '0000-00-00', 225000, 0, 0, '', 0),
(509, 43, '2020-11-01', 'Nopember 2020', '', '0000-00-00', 225000, 0, 0, '', 0),
(510, 43, '2020-12-01', 'Desember 2020', '', '0000-00-00', 225000, 0, 0, '', 0),
(511, 43, '2021-01-01', 'Januari 2021', '', '0000-00-00', 225000, 0, 0, '', 0),
(512, 43, '2021-02-01', 'Februari 2021', '', '0000-00-00', 225000, 0, 0, '', 0),
(513, 43, '2021-03-01', 'Maret 2021', '', '0000-00-00', 225000, 0, 0, '', 0),
(514, 43, '2021-04-01', 'April 2021', '', '0000-00-00', 225000, 0, 0, '', 0),
(515, 43, '2021-05-01', 'Mei 2021', '', '0000-00-00', 225000, 0, 0, '', 0),
(516, 43, '2021-06-01', 'Juni 2021', '', '0000-00-00', 225000, 0, 0, '', 0),
(517, 44, '2020-07-01', 'Juli 2020', '2008120028', '2020-08-12', 225000, 0, 0, 'LUNAS', 1),
(518, 44, '2020-08-01', 'Agustus 2020', '', '0000-00-00', 225000, 0, 0, '', 0),
(519, 44, '2020-09-01', 'September 2020', '', '0000-00-00', 225000, 0, 0, '', 0),
(520, 44, '2020-10-01', 'Oktober 2020', '', '0000-00-00', 225000, 0, 0, '', 0),
(521, 44, '2020-11-01', 'Nopember 2020', '', '0000-00-00', 225000, 0, 0, '', 0),
(522, 44, '2020-12-01', 'Desember 2020', '', '0000-00-00', 225000, 0, 0, '', 0),
(523, 44, '2021-01-01', 'Januari 2021', '', '0000-00-00', 225000, 0, 0, '', 0),
(524, 44, '2021-02-01', 'Februari 2021', '', '0000-00-00', 225000, 0, 0, '', 0),
(525, 44, '2021-03-01', 'Maret 2021', '', '0000-00-00', 225000, 0, 0, '', 0),
(526, 44, '2021-04-01', 'April 2021', '', '0000-00-00', 225000, 0, 0, '', 0),
(527, 44, '2021-05-01', 'Mei 2021', '', '0000-00-00', 225000, 0, 0, '', 0),
(528, 44, '2021-06-01', 'Juni 2021', '', '0000-00-00', 225000, 0, 0, '', 0),
(529, 45, '2020-07-01', 'Juli 2020', '', '0000-00-00', 225000, 0, 0, '', 0),
(530, 45, '2020-08-01', 'Agustus 2020', '', '0000-00-00', 225000, 0, 0, '', 0),
(531, 45, '2020-09-01', 'September 2020', '', '0000-00-00', 225000, 0, 0, '', 0),
(532, 45, '2020-10-01', 'Oktober 2020', '', '0000-00-00', 225000, 0, 0, '', 0),
(533, 45, '2020-11-01', 'Nopember 2020', '', '0000-00-00', 225000, 0, 0, '', 0),
(534, 45, '2020-12-01', 'Desember 2020', '', '0000-00-00', 225000, 0, 0, '', 0),
(535, 45, '2021-01-01', 'Januari 2021', '', '0000-00-00', 225000, 0, 0, '', 0),
(536, 45, '2021-02-01', 'Februari 2021', '', '0000-00-00', 225000, 0, 0, '', 0),
(537, 45, '2021-03-01', 'Maret 2021', '', '0000-00-00', 225000, 0, 0, '', 0),
(538, 45, '2021-04-01', 'April 2021', '', '0000-00-00', 225000, 0, 0, '', 0),
(539, 45, '2021-05-01', 'Mei 2021', '', '0000-00-00', 225000, 0, 0, '', 0),
(540, 45, '2021-06-01', 'Juni 2021', '', '0000-00-00', 225000, 0, 0, '', 0),
(541, 46, '2020-07-01', 'Juli 2020', '', '0000-00-00', 225000, 0, 0, '', 0),
(542, 46, '2020-08-01', 'Agustus 2020', '', '0000-00-00', 225000, 0, 0, '', 0),
(543, 46, '2020-09-01', 'September 2020', '', '0000-00-00', 225000, 0, 0, '', 0),
(544, 46, '2020-10-01', 'Oktober 2020', '', '0000-00-00', 225000, 0, 0, '', 0),
(545, 46, '2020-11-01', 'Nopember 2020', '', '0000-00-00', 225000, 0, 0, '', 0),
(546, 46, '2020-12-01', 'Desember 2020', '', '0000-00-00', 225000, 0, 0, '', 0),
(547, 46, '2021-01-01', 'Januari 2021', '', '0000-00-00', 225000, 0, 0, '', 0),
(548, 46, '2021-02-01', 'Februari 2021', '', '0000-00-00', 225000, 0, 0, '', 0),
(549, 46, '2021-03-01', 'Maret 2021', '', '0000-00-00', 225000, 0, 0, '', 0),
(550, 46, '2021-04-01', 'April 2021', '', '0000-00-00', 225000, 0, 0, '', 0),
(551, 46, '2021-05-01', 'Mei 2021', '', '0000-00-00', 225000, 0, 0, '', 0),
(552, 46, '2021-06-01', 'Juni 2021', '', '0000-00-00', 225000, 0, 0, '', 0),
(553, 47, '2020-07-01', 'Juli 2020', '', '0000-00-00', 0, 0, 0, '', 0),
(554, 47, '2020-08-01', 'Agustus 2020', '', '0000-00-00', 0, 0, 0, '', 0),
(555, 47, '2020-09-01', 'September 2020', '', '0000-00-00', 0, 0, 0, '', 0),
(556, 47, '2020-10-01', 'Oktober 2020', '', '0000-00-00', 0, 0, 0, '', 0),
(557, 47, '2020-11-01', 'Nopember 2020', '', '0000-00-00', 0, 0, 0, '', 0),
(558, 47, '2020-12-01', 'Desember 2020', '', '0000-00-00', 0, 0, 0, '', 0),
(559, 47, '2021-01-01', 'Januari 2021', '', '0000-00-00', 0, 0, 0, '', 0),
(560, 47, '2021-02-01', 'Februari 2021', '', '0000-00-00', 0, 0, 0, '', 0),
(561, 47, '2021-03-01', 'Maret 2021', '', '0000-00-00', 0, 0, 0, '', 0),
(562, 47, '2021-04-01', 'April 2021', '', '0000-00-00', 0, 0, 0, '', 0),
(563, 47, '2021-05-01', 'Mei 2021', '', '0000-00-00', 0, 0, 0, '', 0),
(564, 47, '2021-06-01', 'Juni 2021', '', '0000-00-00', 0, 0, 0, '', 0),
(565, 48, '2020-07-01', 'Juli 2020', '2008120031', '2020-08-12', 225000, 0, 0, 'LUNAS', 1),
(566, 48, '2020-08-01', 'Agustus 2020', '2008120061', '2020-08-12', 225000, 0, 0, 'LUNAS', 1),
(567, 48, '2020-09-01', 'September 2020', '', '0000-00-00', 225000, 0, 0, '', 0),
(568, 48, '2020-10-01', 'Oktober 2020', '', '0000-00-00', 225000, 0, 0, '', 0),
(569, 48, '2020-11-01', 'Nopember 2020', '', '0000-00-00', 225000, 0, 0, '', 0),
(570, 48, '2020-12-01', 'Desember 2020', '', '0000-00-00', 225000, 0, 0, '', 0),
(571, 48, '2021-01-01', 'Januari 2021', '', '0000-00-00', 225000, 0, 0, '', 0),
(572, 48, '2021-02-01', 'Februari 2021', '', '0000-00-00', 225000, 0, 0, '', 0),
(573, 48, '2021-03-01', 'Maret 2021', '', '0000-00-00', 225000, 0, 0, '', 0),
(574, 48, '2021-04-01', 'April 2021', '', '0000-00-00', 225000, 0, 0, '', 0),
(575, 48, '2021-05-01', 'Mei 2021', '', '0000-00-00', 225000, 0, 0, '', 0),
(576, 48, '2021-06-01', 'Juni 2021', '', '0000-00-00', 225000, 0, 0, '', 0),
(577, 49, '2020-07-01', 'Juli 2020', '', '0000-00-00', 225000, 0, 0, '', 0),
(578, 49, '2020-08-01', 'Agustus 2020', '', '0000-00-00', 225000, 0, 0, '', 0),
(579, 49, '2020-09-01', 'September 2020', '', '0000-00-00', 225000, 0, 0, '', 0),
(580, 49, '2020-10-01', 'Oktober 2020', '', '0000-00-00', 225000, 0, 0, '', 0),
(581, 49, '2020-11-01', 'Nopember 2020', '', '0000-00-00', 225000, 0, 0, '', 0),
(582, 49, '2020-12-01', 'Desember 2020', '', '0000-00-00', 225000, 0, 0, '', 0),
(583, 49, '2021-01-01', 'Januari 2021', '', '0000-00-00', 225000, 0, 0, '', 0),
(584, 49, '2021-02-01', 'Februari 2021', '', '0000-00-00', 225000, 0, 0, '', 0),
(585, 49, '2021-03-01', 'Maret 2021', '', '0000-00-00', 225000, 0, 0, '', 0),
(586, 49, '2021-04-01', 'April 2021', '', '0000-00-00', 225000, 0, 0, '', 0),
(587, 49, '2021-05-01', 'Mei 2021', '', '0000-00-00', 225000, 0, 0, '', 0),
(588, 49, '2021-06-01', 'Juni 2021', '', '0000-00-00', 225000, 0, 0, '', 0),
(589, 50, '2020-07-01', 'Juli 2020', '', '0000-00-00', 225000, 0, 0, '', 0),
(590, 50, '2020-08-01', 'Agustus 2020', '', '0000-00-00', 225000, 0, 0, '', 0),
(591, 50, '2020-09-01', 'September 2020', '', '0000-00-00', 225000, 0, 0, '', 0),
(592, 50, '2020-10-01', 'Oktober 2020', '', '0000-00-00', 225000, 0, 0, '', 0),
(593, 50, '2020-11-01', 'Nopember 2020', '', '0000-00-00', 225000, 0, 0, '', 0),
(594, 50, '2020-12-01', 'Desember 2020', '', '0000-00-00', 225000, 0, 0, '', 0),
(595, 50, '2021-01-01', 'Januari 2021', '', '0000-00-00', 225000, 0, 0, '', 0),
(596, 50, '2021-02-01', 'Februari 2021', '', '0000-00-00', 225000, 0, 0, '', 0),
(597, 50, '2021-03-01', 'Maret 2021', '', '0000-00-00', 225000, 0, 0, '', 0),
(598, 50, '2021-04-01', 'April 2021', '', '0000-00-00', 225000, 0, 0, '', 0),
(599, 50, '2021-05-01', 'Mei 2021', '', '0000-00-00', 225000, 0, 0, '', 0),
(600, 50, '2021-06-01', 'Juni 2021', '', '0000-00-00', 225000, 0, 0, '', 0),
(601, 51, '2020-07-01', 'Juli 2020', '', '0000-00-00', 225000, 0, 0, '', 0),
(602, 51, '2020-08-01', 'Agustus 2020', '', '0000-00-00', 225000, 0, 0, '', 0),
(603, 51, '2020-09-01', 'September 2020', '', '0000-00-00', 225000, 0, 0, '', 0),
(604, 51, '2020-10-01', 'Oktober 2020', '', '0000-00-00', 225000, 0, 0, '', 0),
(605, 51, '2020-11-01', 'Nopember 2020', '', '0000-00-00', 225000, 0, 0, '', 0),
(606, 51, '2020-12-01', 'Desember 2020', '', '0000-00-00', 225000, 0, 0, '', 0),
(607, 51, '2021-01-01', 'Januari 2021', '', '0000-00-00', 225000, 0, 0, '', 0),
(608, 51, '2021-02-01', 'Februari 2021', '', '0000-00-00', 225000, 0, 0, '', 0),
(609, 51, '2021-03-01', 'Maret 2021', '', '0000-00-00', 225000, 0, 0, '', 0),
(610, 51, '2021-04-01', 'April 2021', '', '0000-00-00', 225000, 0, 0, '', 0),
(611, 51, '2021-05-01', 'Mei 2021', '', '0000-00-00', 225000, 0, 0, '', 0),
(612, 51, '2021-06-01', 'Juni 2021', '', '0000-00-00', 225000, 0, 0, '', 0),
(613, 52, '2020-07-01', 'Juli 2020', '', '0000-00-00', 225000, 0, 0, '', 0),
(614, 52, '2020-08-01', 'Agustus 2020', '', '0000-00-00', 225000, 0, 0, '', 0),
(615, 52, '2020-09-01', 'September 2020', '', '0000-00-00', 225000, 0, 0, '', 0),
(616, 52, '2020-10-01', 'Oktober 2020', '', '0000-00-00', 225000, 0, 0, '', 0),
(617, 52, '2020-11-01', 'Nopember 2020', '', '0000-00-00', 225000, 0, 0, '', 0),
(618, 52, '2020-12-01', 'Desember 2020', '', '0000-00-00', 225000, 0, 0, '', 0),
(619, 52, '2021-01-01', 'Januari 2021', '', '0000-00-00', 225000, 0, 0, '', 0),
(620, 52, '2021-02-01', 'Februari 2021', '', '0000-00-00', 225000, 0, 0, '', 0),
(621, 52, '2021-03-01', 'Maret 2021', '', '0000-00-00', 225000, 0, 0, '', 0),
(622, 52, '2021-04-01', 'April 2021', '', '0000-00-00', 225000, 0, 0, '', 0),
(623, 52, '2021-05-01', 'Mei 2021', '', '0000-00-00', 225000, 0, 0, '', 0),
(624, 52, '2021-06-01', 'Juni 2021', '', '0000-00-00', 225000, 0, 0, '', 0),
(625, 53, '2020-07-01', 'Juli 2020', '2008120065', '2020-08-12', 225000, 0, 0, 'LUNAS', 1),
(626, 53, '2020-08-01', 'Agustus 2020', '2008120066', '2020-08-12', 225000, 0, 0, 'LUNAS', 1),
(627, 53, '2020-09-01', 'September 2020', '', '0000-00-00', 225000, 0, 0, '', 0),
(628, 53, '2020-10-01', 'Oktober 2020', '', '0000-00-00', 225000, 0, 0, '', 0),
(629, 53, '2020-11-01', 'Nopember 2020', '', '0000-00-00', 225000, 0, 0, '', 0),
(630, 53, '2020-12-01', 'Desember 2020', '', '0000-00-00', 225000, 0, 0, '', 0),
(631, 53, '2021-01-01', 'Januari 2021', '', '0000-00-00', 225000, 0, 0, '', 0),
(632, 53, '2021-02-01', 'Februari 2021', '', '0000-00-00', 225000, 0, 0, '', 0),
(633, 53, '2021-03-01', 'Maret 2021', '', '0000-00-00', 225000, 0, 0, '', 0),
(634, 53, '2021-04-01', 'April 2021', '', '0000-00-00', 225000, 0, 0, '', 0),
(635, 53, '2021-05-01', 'Mei 2021', '', '0000-00-00', 225000, 0, 0, '', 0),
(636, 53, '2021-06-01', 'Juni 2021', '', '0000-00-00', 225000, 0, 0, '', 0),
(637, 54, '2020-07-01', 'Juli 2020', '2008120022', '2020-08-12', 225000, 0, 0, 'LUNAS', 1),
(638, 54, '2020-08-01', 'Agustus 2020', '2008120057', '2020-08-12', 225000, 0, 0, 'LUNAS', 1);
INSERT INTO `t101_spp` (`idspp`, `idsiswa`, `jatuhtempo`, `bulan`, `nobayar`, `tglbayar`, `byrspp`, `byrcatering`, `byrworksheet`, `ket`, `idadmin`) VALUES
(639, 54, '2020-09-01', 'September 2020', '', '0000-00-00', 225000, 0, 0, '', 0),
(640, 54, '2020-10-01', 'Oktober 2020', '', '0000-00-00', 225000, 0, 0, '', 0),
(641, 54, '2020-11-01', 'Nopember 2020', '', '0000-00-00', 225000, 0, 0, '', 0),
(642, 54, '2020-12-01', 'Desember 2020', '', '0000-00-00', 225000, 0, 0, '', 0),
(643, 54, '2021-01-01', 'Januari 2021', '', '0000-00-00', 225000, 0, 0, '', 0),
(644, 54, '2021-02-01', 'Februari 2021', '', '0000-00-00', 225000, 0, 0, '', 0),
(645, 54, '2021-03-01', 'Maret 2021', '', '0000-00-00', 225000, 0, 0, '', 0),
(646, 54, '2021-04-01', 'April 2021', '', '0000-00-00', 225000, 0, 0, '', 0),
(647, 54, '2021-05-01', 'Mei 2021', '', '0000-00-00', 225000, 0, 0, '', 0),
(648, 54, '2021-06-01', 'Juni 2021', '', '0000-00-00', 225000, 0, 0, '', 0),
(649, 55, '2020-07-01', 'Juli 2020', '2008120030', '2020-08-12', 225000, 0, 0, 'LUNAS', 1),
(650, 55, '2020-08-01', 'Agustus 2020', '2008120056', '2020-08-12', 225000, 0, 0, 'LUNAS', 1),
(651, 55, '2020-09-01', 'September 2020', '', '0000-00-00', 225000, 0, 0, '', 0),
(652, 55, '2020-10-01', 'Oktober 2020', '', '0000-00-00', 225000, 0, 0, '', 0),
(653, 55, '2020-11-01', 'Nopember 2020', '', '0000-00-00', 225000, 0, 0, '', 0),
(654, 55, '2020-12-01', 'Desember 2020', '', '0000-00-00', 225000, 0, 0, '', 0),
(655, 55, '2021-01-01', 'Januari 2021', '', '0000-00-00', 225000, 0, 0, '', 0),
(656, 55, '2021-02-01', 'Februari 2021', '', '0000-00-00', 225000, 0, 0, '', 0),
(657, 55, '2021-03-01', 'Maret 2021', '', '0000-00-00', 225000, 0, 0, '', 0),
(658, 55, '2021-04-01', 'April 2021', '', '0000-00-00', 225000, 0, 0, '', 0),
(659, 55, '2021-05-01', 'Mei 2021', '', '0000-00-00', 225000, 0, 0, '', 0),
(660, 55, '2021-06-01', 'Juni 2021', '', '0000-00-00', 225000, 0, 0, '', 0),
(661, 56, '2020-07-01', 'Juli 2020', '', '0000-00-00', 225000, 0, 0, '', 0),
(662, 56, '2020-08-01', 'Agustus 2020', '', '0000-00-00', 225000, 0, 0, '', 0),
(663, 56, '2020-09-01', 'September 2020', '', '0000-00-00', 225000, 0, 0, '', 0),
(664, 56, '2020-10-01', 'Oktober 2020', '', '0000-00-00', 225000, 0, 0, '', 0),
(665, 56, '2020-11-01', 'Nopember 2020', '', '0000-00-00', 225000, 0, 0, '', 0),
(666, 56, '2020-12-01', 'Desember 2020', '', '0000-00-00', 225000, 0, 0, '', 0),
(667, 56, '2021-01-01', 'Januari 2021', '', '0000-00-00', 225000, 0, 0, '', 0),
(668, 56, '2021-02-01', 'Februari 2021', '', '0000-00-00', 225000, 0, 0, '', 0),
(669, 56, '2021-03-01', 'Maret 2021', '', '0000-00-00', 225000, 0, 0, '', 0),
(670, 56, '2021-04-01', 'April 2021', '', '0000-00-00', 225000, 0, 0, '', 0),
(671, 56, '2021-05-01', 'Mei 2021', '', '0000-00-00', 225000, 0, 0, '', 0),
(672, 56, '2021-06-01', 'Juni 2021', '', '0000-00-00', 225000, 0, 0, '', 0),
(673, 57, '2020-07-01', 'Juli 2020', '', '0000-00-00', 225000, 0, 0, '', 0),
(674, 57, '2020-08-01', 'Agustus 2020', '', '0000-00-00', 225000, 0, 0, '', 0),
(675, 57, '2020-09-01', 'September 2020', '', '0000-00-00', 225000, 0, 0, '', 0),
(676, 57, '2020-10-01', 'Oktober 2020', '', '0000-00-00', 225000, 0, 0, '', 0),
(677, 57, '2020-11-01', 'Nopember 2020', '', '0000-00-00', 225000, 0, 0, '', 0),
(678, 57, '2020-12-01', 'Desember 2020', '', '0000-00-00', 225000, 0, 0, '', 0),
(679, 57, '2021-01-01', 'Januari 2021', '', '0000-00-00', 225000, 0, 0, '', 0),
(680, 57, '2021-02-01', 'Februari 2021', '', '0000-00-00', 225000, 0, 0, '', 0),
(681, 57, '2021-03-01', 'Maret 2021', '', '0000-00-00', 225000, 0, 0, '', 0),
(682, 57, '2021-04-01', 'April 2021', '', '0000-00-00', 225000, 0, 0, '', 0),
(683, 57, '2021-05-01', 'Mei 2021', '', '0000-00-00', 225000, 0, 0, '', 0),
(684, 57, '2021-06-01', 'Juni 2021', '', '0000-00-00', 225000, 0, 0, '', 0),
(685, 58, '2020-07-01', 'Juli 2020', '2008120025', '2020-08-12', 225000, 0, 0, 'LUNAS', 1),
(686, 58, '2020-08-01', 'Agustus 2020', '', '0000-00-00', 225000, 0, 0, '', 0),
(687, 58, '2020-09-01', 'September 2020', '', '0000-00-00', 225000, 0, 0, '', 0),
(688, 58, '2020-10-01', 'Oktober 2020', '', '0000-00-00', 225000, 0, 0, '', 0),
(689, 58, '2020-11-01', 'Nopember 2020', '', '0000-00-00', 225000, 0, 0, '', 0),
(690, 58, '2020-12-01', 'Desember 2020', '', '0000-00-00', 225000, 0, 0, '', 0),
(691, 58, '2021-01-01', 'Januari 2021', '', '0000-00-00', 225000, 0, 0, '', 0),
(692, 58, '2021-02-01', 'Februari 2021', '', '0000-00-00', 225000, 0, 0, '', 0),
(693, 58, '2021-03-01', 'Maret 2021', '', '0000-00-00', 225000, 0, 0, '', 0),
(694, 58, '2021-04-01', 'April 2021', '', '0000-00-00', 225000, 0, 0, '', 0),
(695, 58, '2021-05-01', 'Mei 2021', '', '0000-00-00', 225000, 0, 0, '', 0),
(696, 58, '2021-06-01', 'Juni 2021', '', '0000-00-00', 225000, 0, 0, '', 0),
(697, 59, '2020-07-01', 'Juli 2020', '2008120024', '2020-08-12', 225000, 0, 0, 'LUNAS', 1),
(698, 59, '2020-08-01', 'Agustus 2020', '2008120063', '2020-08-12', 225000, 0, 0, 'LUNAS', 1),
(699, 59, '2020-09-01', 'September 2020', '', '0000-00-00', 225000, 0, 0, '', 0),
(700, 59, '2020-10-01', 'Oktober 2020', '', '0000-00-00', 225000, 0, 0, '', 0),
(701, 59, '2020-11-01', 'Nopember 2020', '', '0000-00-00', 225000, 0, 0, '', 0),
(702, 59, '2020-12-01', 'Desember 2020', '', '0000-00-00', 225000, 0, 0, '', 0),
(703, 59, '2021-01-01', 'Januari 2021', '', '0000-00-00', 225000, 0, 0, '', 0),
(704, 59, '2021-02-01', 'Februari 2021', '', '0000-00-00', 225000, 0, 0, '', 0),
(705, 59, '2021-03-01', 'Maret 2021', '', '0000-00-00', 225000, 0, 0, '', 0),
(706, 59, '2021-04-01', 'April 2021', '', '0000-00-00', 225000, 0, 0, '', 0),
(707, 59, '2021-05-01', 'Mei 2021', '', '0000-00-00', 225000, 0, 0, '', 0),
(708, 59, '2021-06-01', 'Juni 2021', '', '0000-00-00', 225000, 0, 0, '', 0),
(709, 60, '2020-07-01', 'Juli 2020', '2008120045', '2020-08-12', 225000, 0, 0, 'LUNAS', 1),
(710, 60, '2020-08-01', 'Agustus 2020', '2008120046', '2020-08-12', 225000, 0, 0, 'LUNAS', 1),
(711, 60, '2020-09-01', 'September 2020', '', '0000-00-00', 225000, 0, 0, '', 0),
(712, 60, '2020-10-01', 'Oktober 2020', '', '0000-00-00', 225000, 0, 0, '', 0),
(713, 60, '2020-11-01', 'Nopember 2020', '', '0000-00-00', 225000, 0, 0, '', 0),
(714, 60, '2020-12-01', 'Desember 2020', '', '0000-00-00', 225000, 0, 0, '', 0),
(715, 60, '2021-01-01', 'Januari 2021', '', '0000-00-00', 225000, 0, 0, '', 0),
(716, 60, '2021-02-01', 'Februari 2021', '', '0000-00-00', 225000, 0, 0, '', 0),
(717, 60, '2021-03-01', 'Maret 2021', '', '0000-00-00', 225000, 0, 0, '', 0),
(718, 60, '2021-04-01', 'April 2021', '', '0000-00-00', 225000, 0, 0, '', 0),
(719, 60, '2021-05-01', 'Mei 2021', '', '0000-00-00', 225000, 0, 0, '', 0),
(720, 60, '2021-06-01', 'Juni 2021', '', '0000-00-00', 225000, 0, 0, '', 0),
(721, 61, '2020-07-01', 'Juli 2020', '', '0000-00-00', 0, 0, 0, '', 0),
(722, 61, '2020-08-01', 'Agustus 2020', '', '0000-00-00', 0, 0, 0, '', 0),
(723, 61, '2020-09-01', 'September 2020', '', '0000-00-00', 0, 0, 0, '', 0),
(724, 61, '2020-10-01', 'Oktober 2020', '', '0000-00-00', 0, 0, 0, '', 0),
(725, 61, '2020-11-01', 'Nopember 2020', '', '0000-00-00', 0, 0, 0, '', 0),
(726, 61, '2020-12-01', 'Desember 2020', '', '0000-00-00', 0, 0, 0, '', 0),
(727, 61, '2021-01-01', 'Januari 2021', '', '0000-00-00', 0, 0, 0, '', 0),
(728, 61, '2021-02-01', 'Februari 2021', '', '0000-00-00', 0, 0, 0, '', 0),
(729, 61, '2021-03-01', 'Maret 2021', '', '0000-00-00', 0, 0, 0, '', 0),
(730, 61, '2021-04-01', 'April 2021', '', '0000-00-00', 0, 0, 0, '', 0),
(731, 61, '2021-05-01', 'Mei 2021', '', '0000-00-00', 0, 0, 0, '', 0),
(732, 61, '2021-06-01', 'Juni 2021', '', '0000-00-00', 0, 0, 0, '', 0),
(733, 62, '2020-07-01', 'Juli 2020', '', '0000-00-00', 225000, 0, 0, '', 0),
(734, 62, '2020-08-01', 'Agustus 2020', '', '0000-00-00', 225000, 0, 0, '', 0),
(735, 62, '2020-09-01', 'September 2020', '', '0000-00-00', 225000, 0, 0, '', 0),
(736, 62, '2020-10-01', 'Oktober 2020', '', '0000-00-00', 225000, 0, 0, '', 0),
(737, 62, '2020-11-01', 'Nopember 2020', '', '0000-00-00', 225000, 0, 0, '', 0),
(738, 62, '2020-12-01', 'Desember 2020', '', '0000-00-00', 225000, 0, 0, '', 0),
(739, 62, '2021-01-01', 'Januari 2021', '', '0000-00-00', 225000, 0, 0, '', 0),
(740, 62, '2021-02-01', 'Februari 2021', '', '0000-00-00', 225000, 0, 0, '', 0),
(741, 62, '2021-03-01', 'Maret 2021', '', '0000-00-00', 225000, 0, 0, '', 0),
(742, 62, '2021-04-01', 'April 2021', '', '0000-00-00', 225000, 0, 0, '', 0),
(743, 62, '2021-05-01', 'Mei 2021', '', '0000-00-00', 225000, 0, 0, '', 0),
(744, 62, '2021-06-01', 'Juni 2021', '', '0000-00-00', 225000, 0, 0, '', 0),
(745, 63, '2020-07-01', 'Juli 2020', '2008120054', '2020-08-12', 225000, 0, 0, 'LUNAS', 1),
(746, 63, '2020-08-01', 'Agustus 2020', '2008120055', '2020-08-12', 225000, 0, 0, 'LUNAS', 1),
(747, 63, '2020-09-01', 'September 2020', '', '0000-00-00', 225000, 0, 0, '', 0),
(748, 63, '2020-10-01', 'Oktober 2020', '', '0000-00-00', 225000, 0, 0, '', 0),
(749, 63, '2020-11-01', 'Nopember 2020', '', '0000-00-00', 225000, 0, 0, '', 0),
(750, 63, '2020-12-01', 'Desember 2020', '', '0000-00-00', 225000, 0, 0, '', 0),
(751, 63, '2021-01-01', 'Januari 2021', '', '0000-00-00', 225000, 0, 0, '', 0),
(752, 63, '2021-02-01', 'Februari 2021', '', '0000-00-00', 225000, 0, 0, '', 0),
(753, 63, '2021-03-01', 'Maret 2021', '', '0000-00-00', 225000, 0, 0, '', 0),
(754, 63, '2021-04-01', 'April 2021', '', '0000-00-00', 225000, 0, 0, '', 0),
(755, 63, '2021-05-01', 'Mei 2021', '', '0000-00-00', 225000, 0, 0, '', 0),
(756, 63, '2021-06-01', 'Juni 2021', '', '0000-00-00', 225000, 0, 0, '', 0),
(757, 64, '2020-07-01', 'Juli 2020', '', '0000-00-00', 225000, 0, 0, '', 0),
(758, 64, '2020-08-01', 'Agustus 2020', '', '0000-00-00', 225000, 0, 0, '', 0),
(759, 64, '2020-09-01', 'September 2020', '', '0000-00-00', 225000, 0, 0, '', 0),
(760, 64, '2020-10-01', 'Oktober 2020', '', '0000-00-00', 225000, 0, 0, '', 0),
(761, 64, '2020-11-01', 'Nopember 2020', '', '0000-00-00', 225000, 0, 0, '', 0),
(762, 64, '2020-12-01', 'Desember 2020', '', '0000-00-00', 225000, 0, 0, '', 0),
(763, 64, '2021-01-01', 'Januari 2021', '', '0000-00-00', 225000, 0, 0, '', 0),
(764, 64, '2021-02-01', 'Februari 2021', '', '0000-00-00', 225000, 0, 0, '', 0),
(765, 64, '2021-03-01', 'Maret 2021', '', '0000-00-00', 225000, 0, 0, '', 0),
(766, 64, '2021-04-01', 'April 2021', '', '0000-00-00', 225000, 0, 0, '', 0),
(767, 64, '2021-05-01', 'Mei 2021', '', '0000-00-00', 225000, 0, 0, '', 0),
(768, 64, '2021-06-01', 'Juni 2021', '', '0000-00-00', 225000, 0, 0, '', 0),
(769, 65, '2020-07-01', 'Juli 2020', '', '0000-00-00', 225000, 0, 0, '', 0),
(770, 65, '2020-08-01', 'Agustus 2020', '', '0000-00-00', 225000, 0, 0, '', 0),
(771, 65, '2020-09-01', 'September 2020', '', '0000-00-00', 225000, 0, 0, '', 0),
(772, 65, '2020-10-01', 'Oktober 2020', '', '0000-00-00', 225000, 0, 0, '', 0),
(773, 65, '2020-11-01', 'Nopember 2020', '', '0000-00-00', 225000, 0, 0, '', 0),
(774, 65, '2020-12-01', 'Desember 2020', '', '0000-00-00', 225000, 0, 0, '', 0),
(775, 65, '2021-01-01', 'Januari 2021', '', '0000-00-00', 225000, 0, 0, '', 0),
(776, 65, '2021-02-01', 'Februari 2021', '', '0000-00-00', 225000, 0, 0, '', 0),
(777, 65, '2021-03-01', 'Maret 2021', '', '0000-00-00', 225000, 0, 0, '', 0),
(778, 65, '2021-04-01', 'April 2021', '', '0000-00-00', 225000, 0, 0, '', 0),
(779, 65, '2021-05-01', 'Mei 2021', '', '0000-00-00', 225000, 0, 0, '', 0),
(780, 65, '2021-06-01', 'Juni 2021', '', '0000-00-00', 225000, 0, 0, '', 0),
(781, 66, '2020-07-01', 'Juli 2020', '2008120050', '2020-08-12', 225000, 0, 0, 'LUNAS', 1),
(782, 66, '2020-08-01', 'Agustus 2020', '', '0000-00-00', 225000, 0, 0, '', 0),
(783, 66, '2020-09-01', 'September 2020', '', '0000-00-00', 225000, 0, 0, '', 0),
(784, 66, '2020-10-01', 'Oktober 2020', '', '0000-00-00', 225000, 0, 0, '', 0),
(785, 66, '2020-11-01', 'Nopember 2020', '', '0000-00-00', 225000, 0, 0, '', 0),
(786, 66, '2020-12-01', 'Desember 2020', '', '0000-00-00', 225000, 0, 0, '', 0),
(787, 66, '2021-01-01', 'Januari 2021', '', '0000-00-00', 225000, 0, 0, '', 0),
(788, 66, '2021-02-01', 'Februari 2021', '', '0000-00-00', 225000, 0, 0, '', 0),
(789, 66, '2021-03-01', 'Maret 2021', '', '0000-00-00', 225000, 0, 0, '', 0),
(790, 66, '2021-04-01', 'April 2021', '', '0000-00-00', 225000, 0, 0, '', 0),
(791, 66, '2021-05-01', 'Mei 2021', '', '0000-00-00', 225000, 0, 0, '', 0),
(792, 66, '2021-06-01', 'Juni 2021', '', '0000-00-00', 225000, 0, 0, '', 0),
(793, 67, '2020-07-01', 'Juli 2020', '2008120047', '2020-08-12', 225000, 0, 0, 'LUNAS', 1),
(794, 67, '2020-08-01', 'Agustus 2020', '2008120048', '2020-08-12', 225000, 0, 0, 'LUNAS', 1),
(795, 67, '2020-09-01', 'September 2020', '', '0000-00-00', 225000, 0, 0, '', 0),
(796, 67, '2020-10-01', 'Oktober 2020', '', '0000-00-00', 225000, 0, 0, '', 0),
(797, 67, '2020-11-01', 'Nopember 2020', '', '0000-00-00', 225000, 0, 0, '', 0),
(798, 67, '2020-12-01', 'Desember 2020', '', '0000-00-00', 225000, 0, 0, '', 0),
(799, 67, '2021-01-01', 'Januari 2021', '', '0000-00-00', 225000, 0, 0, '', 0),
(800, 67, '2021-02-01', 'Februari 2021', '', '0000-00-00', 225000, 0, 0, '', 0),
(801, 67, '2021-03-01', 'Maret 2021', '', '0000-00-00', 225000, 0, 0, '', 0),
(802, 67, '2021-04-01', 'April 2021', '', '0000-00-00', 225000, 0, 0, '', 0),
(803, 67, '2021-05-01', 'Mei 2021', '', '0000-00-00', 225000, 0, 0, '', 0),
(804, 67, '2021-06-01', 'Juni 2021', '', '0000-00-00', 225000, 0, 0, '', 0),
(805, 68, '2020-07-01', 'Juli 2020', '', '0000-00-00', 225000, 0, 0, '', 0),
(806, 68, '2020-08-01', 'Agustus 2020', '', '0000-00-00', 225000, 0, 0, '', 0),
(807, 68, '2020-09-01', 'September 2020', '', '0000-00-00', 225000, 0, 0, '', 0),
(808, 68, '2020-10-01', 'Oktober 2020', '', '0000-00-00', 225000, 0, 0, '', 0),
(809, 68, '2020-11-01', 'Nopember 2020', '', '0000-00-00', 225000, 0, 0, '', 0),
(810, 68, '2020-12-01', 'Desember 2020', '', '0000-00-00', 225000, 0, 0, '', 0),
(811, 68, '2021-01-01', 'Januari 2021', '', '0000-00-00', 225000, 0, 0, '', 0),
(812, 68, '2021-02-01', 'Februari 2021', '', '0000-00-00', 225000, 0, 0, '', 0),
(813, 68, '2021-03-01', 'Maret 2021', '', '0000-00-00', 225000, 0, 0, '', 0),
(814, 68, '2021-04-01', 'April 2021', '', '0000-00-00', 225000, 0, 0, '', 0),
(815, 68, '2021-05-01', 'Mei 2021', '', '0000-00-00', 225000, 0, 0, '', 0),
(816, 68, '2021-06-01', 'Juni 2021', '', '0000-00-00', 225000, 0, 0, '', 0),
(817, 69, '2020-07-01', 'Juli 2020', '2008120043', '2020-08-12', 225000, 0, 0, 'LUNAS', 1),
(818, 69, '2020-08-01', 'Agustus 2020', '2008120044', '2020-08-12', 225000, 0, 0, 'LUNAS', 1),
(819, 69, '2020-09-01', 'September 2020', '', '0000-00-00', 225000, 0, 0, '', 0),
(820, 69, '2020-10-01', 'Oktober 2020', '', '0000-00-00', 225000, 0, 0, '', 0),
(821, 69, '2020-11-01', 'Nopember 2020', '', '0000-00-00', 225000, 0, 0, '', 0),
(822, 69, '2020-12-01', 'Desember 2020', '', '0000-00-00', 225000, 0, 0, '', 0),
(823, 69, '2021-01-01', 'Januari 2021', '', '0000-00-00', 225000, 0, 0, '', 0),
(824, 69, '2021-02-01', 'Februari 2021', '', '0000-00-00', 225000, 0, 0, '', 0),
(825, 69, '2021-03-01', 'Maret 2021', '', '0000-00-00', 225000, 0, 0, '', 0),
(826, 69, '2021-04-01', 'April 2021', '', '0000-00-00', 225000, 0, 0, '', 0),
(827, 69, '2021-05-01', 'Mei 2021', '', '0000-00-00', 225000, 0, 0, '', 0),
(828, 69, '2021-06-01', 'Juni 2021', '', '0000-00-00', 225000, 0, 0, '', 0);

-- --------------------------------------------------------

--
-- Struktur dari tabel `t102_pengeluaran`
--

CREATE TABLE `t102_pengeluaran` (
  `id` int(11) NOT NULL,
  `tgl` date NOT NULL,
  `nobuk` varchar(12) NOT NULL,
  `keterangan` text NOT NULL,
  `jumlah` float(14,2) NOT NULL
) ENGINE=InnoDB DEFAULT CHARSET=latin1;

-- --------------------------------------------------------

--
-- Struktur dari tabel `t103_nonrutin`
--

CREATE TABLE `t103_nonrutin` (
  `idnonrutin` int(10) NOT NULL,
  `idsiswa` int(10) NOT NULL,
  `nobayar` varchar(10) NOT NULL,
  `tglbayar` date NOT NULL,
  `idjenis` int(11) NOT NULL,
  `nominal` int(20) NOT NULL,
  `bayar` int(20) NOT NULL,
  `sisa` int(20) NOT NULL,
  `idadmin` int(5) NOT NULL
) ENGINE=InnoDB DEFAULT CHARSET=latin1;

--
-- Dumping data untuk tabel `t103_nonrutin`
--

INSERT INTO `t103_nonrutin` (`idnonrutin`, `idsiswa`, `nobayar`, `tglbayar`, `idjenis`, `nominal`, `bayar`, `sisa`, `idadmin`) VALUES
(1, 1, '', '0000-00-00', 1, 0, 0, 0, 0),
(2, 1, '', '0000-00-00', 2, 0, 0, 0, 0),
(3, 2, '', '0000-00-00', 1, 0, 0, 0, 0),
(4, 2, '', '0000-00-00', 2, 0, 0, 0, 0),
(5, 3, '', '0000-00-00', 1, 0, 0, 0, 0),
(6, 3, '', '0000-00-00', 2, 0, 0, 0, 0),
(7, 4, '', '0000-00-00', 1, 0, 0, 0, 0),
(8, 4, '', '0000-00-00', 2, 0, 0, 0, 0),
(9, 5, '', '0000-00-00', 1, 0, 0, 0, 0),
(10, 5, '', '0000-00-00', 2, 0, 0, 0, 0),
(11, 6, '', '0000-00-00', 1, 0, 0, 0, 0),
(12, 6, '', '0000-00-00', 2, 0, 0, 0, 0),
(13, 7, '', '0000-00-00', 1, 0, 0, 0, 0),
(14, 7, '', '0000-00-00', 2, 0, 0, 0, 0),
(15, 8, '', '0000-00-00', 1, 0, 0, 0, 0),
(16, 8, '', '0000-00-00', 2, 0, 0, 0, 0),
(17, 9, '', '0000-00-00', 1, 0, 0, 0, 0),
(18, 9, '', '0000-00-00', 2, 0, 0, 0, 0),
(19, 10, '', '0000-00-00', 1, 0, 0, 0, 0),
(20, 10, '', '0000-00-00', 2, 0, 0, 0, 0),
(21, 11, '', '0000-00-00', 1, 0, 0, 0, 0),
(22, 11, '', '0000-00-00', 2, 0, 0, 0, 0),
(23, 12, '', '0000-00-00', 1, 0, 0, 0, 0),
(24, 12, '', '0000-00-00', 2, 0, 0, 0, 0),
(25, 13, '', '0000-00-00', 1, 0, 0, 0, 0),
(26, 13, '', '0000-00-00', 2, 0, 0, 0, 0),
(27, 14, '', '0000-00-00', 1, 0, 0, 0, 0),
(28, 14, '', '0000-00-00', 2, 0, 0, 0, 0),
(29, 15, '', '0000-00-00', 1, 0, 0, 0, 0),
(30, 15, '', '0000-00-00', 2, 0, 0, 0, 0),
(31, 16, '', '0000-00-00', 1, 0, 0, 0, 0),
(32, 16, '', '0000-00-00', 2, 0, 0, 0, 0),
(33, 17, '', '0000-00-00', 1, 0, 0, 0, 0),
(34, 17, '', '0000-00-00', 2, 0, 0, 0, 0),
(35, 18, '', '0000-00-00', 1, 0, 0, 0, 0),
(36, 18, '', '0000-00-00', 2, 0, 0, 0, 0),
(37, 19, '', '0000-00-00', 1, 0, 0, 0, 0),
(38, 19, '', '0000-00-00', 2, 0, 0, 0, 0),
(39, 20, '', '0000-00-00', 1, 0, 0, 0, 0),
(40, 20, '', '0000-00-00', 2, 0, 0, 0, 0),
(41, 21, '', '0000-00-00', 1, 0, 0, 0, 0),
(42, 21, '', '0000-00-00', 2, 0, 0, 0, 0),
(43, 22, '', '0000-00-00', 1, 0, 0, 0, 0),
(44, 22, '', '0000-00-00', 2, 0, 0, 0, 0),
(45, 23, '', '0000-00-00', 1, 0, 0, 0, 0),
(46, 23, '', '0000-00-00', 2, 0, 0, 0, 0),
(47, 24, '', '0000-00-00', 1, 0, 0, 0, 0),
(48, 24, '', '0000-00-00', 2, 0, 0, 0, 0),
(49, 25, '', '0000-00-00', 1, 0, 0, 0, 0),
(50, 25, '', '0000-00-00', 2, 0, 0, 0, 0),
(51, 26, '', '0000-00-00', 1, 0, 0, 0, 0),
(52, 26, '', '0000-00-00', 2, 0, 0, 0, 0),
(53, 27, '', '0000-00-00', 1, 0, 0, 0, 0),
(54, 27, '', '0000-00-00', 2, 0, 0, 0, 0),
(55, 28, '', '0000-00-00', 1, 0, 0, 0, 0),
(56, 28, '', '0000-00-00', 2, 0, 0, 0, 0),
(57, 29, '', '0000-00-00', 1, 0, 0, 0, 0),
(58, 29, '', '0000-00-00', 2, 0, 0, 0, 0),
(59, 30, '', '0000-00-00', 1, 0, 0, 0, 0),
(60, 30, '', '0000-00-00', 2, 0, 0, 0, 0),
(61, 31, '', '0000-00-00', 1, 0, 0, 0, 0),
(62, 31, '', '0000-00-00', 2, 0, 0, 0, 0),
(63, 32, '', '0000-00-00', 1, 0, 0, 0, 0),
(64, 32, '', '0000-00-00', 2, 0, 0, 0, 0),
(65, 33, '', '0000-00-00', 1, 0, 0, 0, 0),
(66, 33, '', '0000-00-00', 2, 0, 0, 0, 0),
(67, 34, '', '0000-00-00', 1, 0, 0, 0, 0),
(68, 34, '', '0000-00-00', 2, 0, 0, 0, 0),
(69, 35, '', '0000-00-00', 1, 0, 0, 0, 0),
(70, 35, '', '0000-00-00', 2, 0, 0, 0, 0),
(71, 36, '', '0000-00-00', 1, 0, 0, 0, 0),
(72, 36, '', '0000-00-00', 2, 0, 0, 0, 0),
(73, 37, '', '0000-00-00', 1, 0, 0, 0, 0),
(74, 37, '', '0000-00-00', 2, 0, 0, 0, 0),
(75, 38, '', '0000-00-00', 1, 0, 0, 0, 0),
(76, 38, '', '0000-00-00', 2, 0, 0, 0, 0),
(77, 39, '', '0000-00-00', 1, 0, 0, 0, 0),
(78, 39, '', '0000-00-00', 2, 0, 0, 0, 0),
(79, 40, '', '0000-00-00', 1, 0, 0, 0, 0),
(80, 40, '', '0000-00-00', 2, 0, 0, 0, 0),
(81, 41, '', '0000-00-00', 1, 0, 0, 0, 0),
(82, 41, '', '0000-00-00', 2, 0, 0, 0, 0),
(83, 42, '', '0000-00-00', 1, 0, 0, 0, 0),
(84, 42, '', '0000-00-00', 2, 0, 0, 0, 0),
(85, 43, '', '0000-00-00', 1, 0, 0, 0, 0),
(86, 43, '', '0000-00-00', 2, 0, 0, 0, 0),
(87, 44, '', '0000-00-00', 1, 0, 0, 0, 0),
(88, 44, '', '0000-00-00', 2, 0, 0, 0, 0),
(89, 45, '', '0000-00-00', 1, 0, 0, 0, 0),
(90, 45, '', '0000-00-00', 2, 0, 0, 0, 0),
(91, 46, '', '0000-00-00', 1, 0, 0, 0, 0),
(92, 46, '', '0000-00-00', 2, 0, 0, 0, 0),
(93, 47, '', '0000-00-00', 1, 0, 0, 0, 0),
(94, 47, '', '0000-00-00', 2, 0, 0, 0, 0),
(95, 48, '', '0000-00-00', 1, 0, 0, 0, 0),
(96, 48, '', '0000-00-00', 2, 0, 0, 0, 0),
(97, 49, '', '0000-00-00', 1, 0, 0, 0, 0),
(98, 49, '', '0000-00-00', 2, 0, 0, 0, 0),
(99, 50, '', '0000-00-00', 1, 0, 0, 0, 0),
(100, 50, '', '0000-00-00', 2, 0, 0, 0, 0),
(101, 51, '', '0000-00-00', 1, 0, 0, 0, 0),
(102, 51, '', '0000-00-00', 2, 0, 0, 0, 0),
(103, 52, '', '0000-00-00', 1, 0, 0, 0, 0),
(104, 52, '', '0000-00-00', 2, 0, 0, 0, 0),
(105, 53, '', '0000-00-00', 1, 0, 0, 0, 0),
(106, 53, '', '0000-00-00', 2, 0, 0, 0, 0),
(107, 54, '', '0000-00-00', 1, 0, 0, 0, 0),
(108, 54, '', '0000-00-00', 2, 0, 0, 0, 0),
(109, 55, '', '0000-00-00', 1, 0, 0, 0, 0),
(110, 55, '', '0000-00-00', 2, 0, 0, 0, 0),
(111, 56, '', '0000-00-00', 1, 0, 0, 0, 0),
(112, 56, '', '0000-00-00', 2, 0, 0, 0, 0),
(113, 57, '', '0000-00-00', 1, 0, 0, 0, 0),
(114, 57, '', '0000-00-00', 2, 0, 0, 0, 0),
(115, 58, '', '0000-00-00', 1, 0, 0, 0, 0),
(116, 58, '', '0000-00-00', 2, 0, 0, 0, 0),
(117, 59, '', '0000-00-00', 1, 0, 0, 0, 0),
(118, 59, '', '0000-00-00', 2, 0, 0, 0, 0),
(119, 60, '', '0000-00-00', 1, 0, 0, 0, 0),
(120, 60, '', '0000-00-00', 2, 0, 0, 0, 0),
(121, 61, '', '0000-00-00', 1, 0, 0, 0, 0),
(122, 61, '', '0000-00-00', 2, 0, 0, 0, 0),
(123, 62, '', '0000-00-00', 1, 0, 0, 0, 0),
(124, 62, '', '0000-00-00', 2, 0, 0, 0, 0),
(125, 63, '', '0000-00-00', 1, 0, 0, 0, 0),
(126, 63, '', '0000-00-00', 2, 0, 0, 0, 0),
(127, 64, '', '0000-00-00', 1, 0, 0, 0, 0),
(128, 64, '', '0000-00-00', 2, 0, 0, 0, 0),
(129, 65, '', '0000-00-00', 1, 0, 0, 0, 0),
(130, 65, '', '0000-00-00', 2, 0, 0, 0, 0),
(131, 66, '', '0000-00-00', 1, 0, 0, 0, 0),
(132, 66, '', '0000-00-00', 2, 0, 0, 0, 0),
(133, 67, '', '0000-00-00', 1, 0, 0, 0, 0),
(134, 67, '', '0000-00-00', 2, 0, 0, 0, 0),
(135, 68, '', '0000-00-00', 1, 0, 0, 0, 0),
(136, 68, '', '0000-00-00', 2, 0, 0, 0, 0),
(137, 69, '', '0000-00-00', 1, 0, 0, 0, 0),
(138, 69, '', '0000-00-00', 2, 0, 0, 0, 0);

-- --------------------------------------------------------

--
-- Struktur dari tabel `users`
--

CREATE TABLE `users` (
  `id` int(11) UNSIGNED NOT NULL,
  `ip_address` varchar(45) NOT NULL,
  `username` varchar(100) DEFAULT NULL,
  `password` varchar(255) NOT NULL,
  `email` varchar(254) NOT NULL,
  `activation_selector` varchar(255) DEFAULT NULL,
  `activation_code` varchar(255) DEFAULT NULL,
  `forgotten_password_selector` varchar(255) DEFAULT NULL,
  `forgotten_password_code` varchar(255) DEFAULT NULL,
  `forgotten_password_time` int(11) UNSIGNED DEFAULT NULL,
  `remember_selector` varchar(255) DEFAULT NULL,
  `remember_code` varchar(255) DEFAULT NULL,
  `created_on` int(11) UNSIGNED NOT NULL,
  `last_login` int(11) UNSIGNED DEFAULT NULL,
  `active` tinyint(1) UNSIGNED DEFAULT NULL,
  `first_name` varchar(50) DEFAULT NULL,
  `last_name` varchar(50) DEFAULT NULL,
  `company` varchar(100) DEFAULT NULL,
  `phone` varchar(20) DEFAULT NULL
) ENGINE=InnoDB DEFAULT CHARSET=utf8;

--
-- Dumping data untuk tabel `users`
--

INSERT INTO `users` (`id`, `ip_address`, `username`, `password`, `email`, `activation_selector`, `activation_code`, `forgotten_password_selector`, `forgotten_password_code`, `forgotten_password_time`, `remember_selector`, `remember_code`, `created_on`, `last_login`, `active`, `first_name`, `last_name`, `company`, `phone`) VALUES
(1, '127.0.0.1', 'administrator', '$2y$12$M42eCl7pO6RlpcDowu7rZexUrsh73.v/Rp3hWMVrPPB8DCWfTjS2S', 'admin@admin.com', NULL, '', NULL, NULL, NULL, NULL, NULL, 1268889823, 1597387132, 1, 'Admin', 'istrator', 'ADMIN', '0');

-- --------------------------------------------------------

--
-- Struktur dari tabel `users_groups`
--

CREATE TABLE `users_groups` (
  `id` int(11) UNSIGNED NOT NULL,
  `user_id` int(11) UNSIGNED NOT NULL,
  `group_id` mediumint(8) UNSIGNED NOT NULL
) ENGINE=InnoDB DEFAULT CHARSET=utf8;

--
-- Dumping data untuk tabel `users_groups`
--

INSERT INTO `users_groups` (`id`, `user_id`, `group_id`) VALUES
(1, 1, 1),
(2, 1, 2);

--
-- Indexes for dumped tables
--

--
-- Indexes for table `groups`
--
ALTER TABLE `groups`
  ADD PRIMARY KEY (`id`);

--
-- Indexes for table `login_attempts`
--
ALTER TABLE `login_attempts`
  ADD PRIMARY KEY (`id`);

--
-- Indexes for table `t000_sekolah`
--
ALTER TABLE `t000_sekolah`
  ADD PRIMARY KEY (`id`);

--
-- Indexes for table `t001_tahunajaran`
--
ALTER TABLE `t001_tahunajaran`
  ADD PRIMARY KEY (`idtahunajaran`);

--
-- Indexes for table `t002_guru`
--
ALTER TABLE `t002_guru`
  ADD PRIMARY KEY (`idguru`);

--
-- Indexes for table `t003_kelas`
--
ALTER TABLE `t003_kelas`
  ADD PRIMARY KEY (`idkelas`),
  ADD KEY `fk_guru` (`idguru`);

--
-- Indexes for table `t004_siswa`
--
ALTER TABLE `t004_siswa`
  ADD PRIMARY KEY (`idsiswa`),
  ADD KEY `fk_idkelas` (`idkelas`);

--
-- Indexes for table `t005_nonrutin`
--
ALTER TABLE `t005_nonrutin`
  ADD PRIMARY KEY (`id`);

--
-- Indexes for table `t101_spp`
--
ALTER TABLE `t101_spp`
  ADD PRIMARY KEY (`idspp`),
  ADD KEY `fk_siswa` (`idsiswa`),
  ADD KEY `fk_admin` (`idadmin`);

--
-- Indexes for table `t102_pengeluaran`
--
ALTER TABLE `t102_pengeluaran`
  ADD PRIMARY KEY (`id`);

--
-- Indexes for table `t103_nonrutin`
--
ALTER TABLE `t103_nonrutin`
  ADD PRIMARY KEY (`idnonrutin`),
  ADD KEY `idsiswa` (`idsiswa`),
  ADD KEY `idjenis` (`idjenis`);

--
-- Indexes for table `users`
--
ALTER TABLE `users`
  ADD PRIMARY KEY (`id`),
  ADD UNIQUE KEY `uc_email` (`email`),
  ADD UNIQUE KEY `uc_activation_selector` (`activation_selector`),
  ADD UNIQUE KEY `uc_forgotten_password_selector` (`forgotten_password_selector`),
  ADD UNIQUE KEY `uc_remember_selector` (`remember_selector`);

--
-- Indexes for table `users_groups`
--
ALTER TABLE `users_groups`
  ADD PRIMARY KEY (`id`),
  ADD UNIQUE KEY `uc_users_groups` (`user_id`,`group_id`),
  ADD KEY `fk_users_groups_users1_idx` (`user_id`),
  ADD KEY `fk_users_groups_groups1_idx` (`group_id`);

--
-- AUTO_INCREMENT for dumped tables
--

--
-- AUTO_INCREMENT for table `groups`
--
ALTER TABLE `groups`
  MODIFY `id` mediumint(8) UNSIGNED NOT NULL AUTO_INCREMENT, AUTO_INCREMENT=3;
--
-- AUTO_INCREMENT for table `login_attempts`
--
ALTER TABLE `login_attempts`
  MODIFY `id` int(11) UNSIGNED NOT NULL AUTO_INCREMENT;
--
-- AUTO_INCREMENT for table `t000_sekolah`
--
ALTER TABLE `t000_sekolah`
  MODIFY `id` int(11) NOT NULL AUTO_INCREMENT, AUTO_INCREMENT=2;
--
-- AUTO_INCREMENT for table `t001_tahunajaran`
--
ALTER TABLE `t001_tahunajaran`
  MODIFY `idtahunajaran` int(5) NOT NULL AUTO_INCREMENT, AUTO_INCREMENT=2;
--
-- AUTO_INCREMENT for table `t002_guru`
--
ALTER TABLE `t002_guru`
  MODIFY `idguru` int(5) NOT NULL AUTO_INCREMENT, AUTO_INCREMENT=9;
--
-- AUTO_INCREMENT for table `t003_kelas`
--
ALTER TABLE `t003_kelas`
  MODIFY `idkelas` int(11) NOT NULL AUTO_INCREMENT, AUTO_INCREMENT=3;
--
-- AUTO_INCREMENT for table `t004_siswa`
--
ALTER TABLE `t004_siswa`
  MODIFY `idsiswa` int(10) NOT NULL AUTO_INCREMENT, AUTO_INCREMENT=70;
--
-- AUTO_INCREMENT for table `t005_nonrutin`
--
ALTER TABLE `t005_nonrutin`
  MODIFY `id` int(11) NOT NULL AUTO_INCREMENT, AUTO_INCREMENT=3;
--
-- AUTO_INCREMENT for table `t101_spp`
--
ALTER TABLE `t101_spp`
  MODIFY `idspp` int(10) NOT NULL AUTO_INCREMENT, AUTO_INCREMENT=829;
--
-- AUTO_INCREMENT for table `t102_pengeluaran`
--
ALTER TABLE `t102_pengeluaran`
  MODIFY `id` int(11) NOT NULL AUTO_INCREMENT;
--
-- AUTO_INCREMENT for table `t103_nonrutin`
--
ALTER TABLE `t103_nonrutin`
  MODIFY `idnonrutin` int(10) NOT NULL AUTO_INCREMENT, AUTO_INCREMENT=139;
--
-- AUTO_INCREMENT for table `users`
--
ALTER TABLE `users`
  MODIFY `id` int(11) UNSIGNED NOT NULL AUTO_INCREMENT, AUTO_INCREMENT=2;
--
-- AUTO_INCREMENT for table `users_groups`
--
ALTER TABLE `users_groups`
  MODIFY `id` int(11) UNSIGNED NOT NULL AUTO_INCREMENT, AUTO_INCREMENT=3;
--
-- Ketidakleluasaan untuk tabel pelimpahan (Dumped Tables)
--

--
-- Ketidakleluasaan untuk tabel `t003_kelas`
--
ALTER TABLE `t003_kelas`
  ADD CONSTRAINT `t003_kelas_ibfk_1` FOREIGN KEY (`idguru`) REFERENCES `t002_guru` (`idguru`) ON DELETE NO ACTION ON UPDATE CASCADE;

--
-- Ketidakleluasaan untuk tabel `t004_siswa`
--
ALTER TABLE `t004_siswa`
  ADD CONSTRAINT `t004_siswa_ibfk_1` FOREIGN KEY (`idkelas`) REFERENCES `t003_kelas` (`idkelas`) ON DELETE NO ACTION ON UPDATE CASCADE;

--
-- Ketidakleluasaan untuk tabel `t101_spp`
--
ALTER TABLE `t101_spp`
  ADD CONSTRAINT `t101_spp_ibfk_1` FOREIGN KEY (`idsiswa`) REFERENCES `t004_siswa` (`idsiswa`) ON DELETE CASCADE ON UPDATE CASCADE;

--
-- Ketidakleluasaan untuk tabel `t103_nonrutin`
--
ALTER TABLE `t103_nonrutin`
  ADD CONSTRAINT `t103_nonrutin_ibfk_1` FOREIGN KEY (`idsiswa`) REFERENCES `t004_siswa` (`idsiswa`) ON DELETE CASCADE ON UPDATE CASCADE,
  ADD CONSTRAINT `t103_nonrutin_ibfk_2` FOREIGN KEY (`idjenis`) REFERENCES `t005_nonrutin` (`id`) ON DELETE CASCADE ON UPDATE CASCADE;

--
-- Ketidakleluasaan untuk tabel `users_groups`
--
ALTER TABLE `users_groups`
  ADD CONSTRAINT `fk_users_groups_groups1` FOREIGN KEY (`group_id`) REFERENCES `groups` (`id`) ON DELETE CASCADE ON UPDATE NO ACTION,
  ADD CONSTRAINT `fk_users_groups_users1` FOREIGN KEY (`user_id`) REFERENCES `users` (`id`) ON DELETE CASCADE ON UPDATE NO ACTION;

/*!40101 SET CHARACTER_SET_CLIENT=@OLD_CHARACTER_SET_CLIENT */;
/*!40101 SET CHARACTER_SET_RESULTS=@OLD_CHARACTER_SET_RESULTS */;
/*!40101 SET COLLATION_CONNECTION=@OLD_COLLATION_CONNECTION */;
